file,incident_id,date,year,date_precision,state,county,city,body_of_water,facility_name,has_coordinates,incident_type,fatality_count,injury_count,near_miss_count,victim_count,victims_named,victims_age_known,victims_gender_known,electrical_source,water_type,voltage_reported,has_fault_description,is_freshwater_private_dock,is_freshwater_marina,setting_classifier_confidence,verification_level,esdpa_listed,esdpa_entry_count,esdpa_entry_numbers,esdpa_date_correct,esdpa_date_listed,esdpa_data_issue_count,esdpa_data_issues,discovery_source,additional_sources,independent_source_count_yaml,sources_total,sources_primary,sources_by_type,distinct_outlets,project_refs_count,has_notes,has_research_notes,missing_key_fields,audit_flags,audit_flag_count
ESD-0000-00-00-1.md,ESD-0000-00-00-1,1986-06-08,1986,approximate,WI,Pierce,Prescott,St. Croix River,Unknown — near swim platform,False,fatal,1,0,0,1,0,1,1,charger,fresh,False,True,False,False,low,UNVERIFIED,True,1,"FI-XXXX-002 (project file, no date in ESDPA)",False,,1,"No date in ESDPA document; AuGres Maritime Museum suggests June 8, 1986 but unverified",ESDPA,,0,0,0,{},0,1,True,True,,ESDPA_ONLY_NO_INDEP | NO_SOURCES_LIST | NO_VICTIM_NAMED | DATE_WEAK | ESDPA_DATE_DEV_UNDOCUMENTED | ESDPA_DEVIATION,6
ESD-0000-00-00-2.md,ESD-0000-00-00-2,,,approximate,OK,,,Community swimming pool,City recreational center pool,False,fatal,1,0,0,1,0,1,1,other,pool,False,True,False,False,high,UNVERIFIED,True,1,"FI-XXXX-003 (project file, no date in ESDPA)",False,,3,No date provided in ESDPA document; Oklahoma location cannot be independently verified; EC&M case study matches details but does not specify location,ESDPA,,1,1,1,"{""news"": 1}",1,1,True,True,date,NO_VICTIM_NAMED | DATE_WEAK | MISSING:date | ESDPA_DATE_DEV_UNDOCUMENTED | ESDPA_DEVIATION,5
ESD-0000-00-00-3.md,ESD-0000-00-00-3,,,approximate,TX,Travis,,Lake Travis,,False,fatal,2,0,0,2,0,0,2,charger,fresh,False,True,False,False,low,SUSPECTED,False,0,,,,0,,LOA1,,1,0,0,{},0,1,True,True,"date, facility_name","NOVEL_LOW_SOURCES | NO_SOURCES_LIST | NO_VICTIM_NAMED | DATE_WEAK | MISSING:date,facility_name",5
ESD-1981-07-00-1.md,ESD-1981-07-00-1,1981-07,1981,month,CT,,Essex,Connecticut River,,False,near-miss,0,0,1,1,0,0,1,shore_power,brackish,False,True,False,False,high,UNVERIFIED,True,0,,True,,0,,ESDPA,,0,0,0,{},0,1,True,True,facility_name,ESDPA_ONLY_NO_INDEP | NO_SOURCES_LIST | MISSING:facility_name,3
ESD-1982-00-00-1.md,ESD-1982-00-00-1,1982,1982,year,WI,Door,Egg Harbor,Green Bay,,False,near-miss,0,0,1,1,0,1,1,dock_wiring,fresh,False,True,False,False,low,UNVERIFIED,True,0,,True,,0,,ESDPA,,0,0,0,{},0,1,True,True,facility_name,ESDPA_ONLY_NO_INDEP | NO_SOURCES_LIST | MISSING:facility_name,3
ESD-1982-12-00-1.md,ESD-1982-12-00-1,1982-12,1982,month,TX,Marion,Avinger,Lake O' The Pines,Near Johnson Creek,False,fatal,1,0,3,4,1,0,4,overhead_line,fresh,False,True,False,False,high,SUSPECTED,False,0,,,,0,,LOA1,,1,1,1,"{""news"": 1}",1,1,True,True,,NOVEL_LOW_SOURCES,1
ESD-1986-07-29-1.md,ESD-1986-07-29-1,1986-07-29,1986,exact,MI,Wayne,Grosse Pointe Shores,Lake St. Clair,Grosse Pointe Yacht Club,False,fatal,1,0,0,1,0,0,1,dock_wiring,fresh,False,False,False,True,high,UNVERIFIED,True,1,#113A (Rev. 8/15/2025),True,,2,"Information relayed third-hand, reducing confidence in details; Sub-incident (A) of ESDPA item #113; sub-incident (B) is FI-1986-002 at Petoskey, MI",ESDPA,,0,0,0,{},0,1,True,True,,ESDPA_ONLY_NO_INDEP | NO_SOURCES_LIST | NO_VICTIM_NAMED | ESDPA_DEVIATION,4
ESD-1986-07-29-2.md,ESD-1986-07-29-2,1986-07-29,1986,exact,MI,Emmet,Petoskey,Little Traverse Bay (Lake Michigan),,False,fatal,1,0,0,1,0,0,1,dock_wiring,fresh,False,False,False,False,low,UNVERIFIED,True,1,#113B (Rev. 8/15/2025),True,,3,"City misspelled as 'Petosky' in ESDPA list; correct spelling is 'Petoskey'; Information relayed third-hand, reducing confidence in details; Sub-incident (B) of ESDPA item #113; sub-incident (A) is FI-1986-001 at Grosse Pointe Yacht Club",ESDPA,,0,0,0,{},0,1,True,True,facility_name,ESDPA_ONLY_NO_INDEP | NO_SOURCES_LIST | NO_VICTIM_NAMED | MISSING:facility_name | ESDPA_DEVIATION,5
ESD-1986-07-29-3.md,ESD-1986-07-29-3,1986-07-29,1986,exact,KY,Jefferson,Louisville,Harrods Creek (Ohio River),Harrods Creek Boat Harbor,False,fatal,2,0,0,2,1,1,2,shore_power,fresh,False,True,False,True,high,VERIFIED,True,1,#114 (Rev. 8/15/2025),False,1986-06-08,3,"ESDPA date listed as June 8, 1986; correct date is July 29, 1986 per ODMP and Louisville Metro PD; ESDPA location listed as 'Lexington KY'; correct location is Louisville/Jefferson County KY (Harrods Creek); Two dogs survived the incident (noted in ESDPA but not significant for dataset)",ESDPA,,3,3,3,"{""government"": 1, ""memorial"": 2}",3,1,True,True,,ESDPA_DEVIATION,1
ESD-1987-00-00-1.md,ESD-1987-00-00-1,1987,1987,year,MI,Ottawa,Park Township,Lake Macatawa,Bay Haven Marina,False,fatal,1,0,2,1,0,1,1,dock_wiring,fresh,False,False,False,True,high,UNVERIFIED,True,1,#112 (Rev. 8/15/2025),True,,1,Year uncertain: listed as '1987 or 1988' in ESDPA; filed under 1987 as default,ESDPA,LOA2,0,0,0,{},0,2,True,True,,ESDPA_ONLY_NO_INDEP | NO_SOURCES_LIST | NO_VICTIM_NAMED | ESDPA_DEVIATION,4
ESD-1988-04-21-1.md,ESD-1988-04-21-1,1988-04-21,1988,exact,NY,Albany,Albany,Indian Lake (campus pond),State University of New York at Albany (SUNY Albany),False,fatal,1,2,0,3,3,1,3,other,fresh,False,True,False,False,low,VERIFIED,True,1,#111 (Rev. 8/15/2025),False,1988-07,2,"ESDPA date listed as July 1988; correct date is April 21, 1988 per UPI, NYT, and The Athletic; ESDPA says 'New York State University at Albany'; correct name is 'State University of New York at Albany' (SUNY Albany)",ESDPA,,5,5,3,"{""news"": 3, ""other"": 2}",5,1,True,True,,ESDPA_DEVIATION,1
ESD-1988-04-23-1.md,ESD-1988-04-23-1,1988-04-23,1988,exact,OK,,,,,False,fatal,1,0,0,1,0,0,1,other,fresh,False,True,False,False,low,UNVERIFIED,True,1,#110 (Rev. 8/15/2025),True,,2,"No specific lake or location identified; CDC MMWR report on Oklahoma lake deaths (1989-1993) does not include this 1988 incident, but establishes pattern at same lake system",ESDPA,,0,0,0,{},0,1,True,True,"body_of_water, facility_name","ESDPA_ONLY_NO_INDEP | NO_SOURCES_LIST | NO_VICTIM_NAMED | MISSING:body_of_water,facility_name | ESDPA_DEVIATION",5
ESD-1989-06-01-1.md,ESD-1989-06-01-1,1989-06-01,1989,exact,OK,,,Lake B (southern Oklahoma — lake name anonymized by CDC),,False,fatal,1,0,0,1,0,1,1,dock_wiring,fresh,True,True,False,False,low,CONFIRMED,False,0,,,,0,,LOA4,,1,1,1,"{""government"": 1}",1,1,True,True,facility_name,NOVEL_LOW_SOURCES | NO_VICTIM_NAMED | MISSING:facility_name,3
ESD-1989-12-08-1.md,ESD-1989-12-08-1,1989-12-08,1989,exact,OK,,,Lake A (northeastern Oklahoma; likely Grand Lake O' the Cherokees),,False,fatal,1,0,0,1,0,1,1,other,fresh,False,True,False,False,low,CONFIRMED,True,1,#109 (Rev. 8/15/2025),True,,2,"ESDPA describes cause as 'fault in dock wiring'; CDC report clarifies victim was rewiring a submerged water pump (occupational, not recreational); Exact date (December 8, 1989) confirmed by CDC MMWR; ESDPA listed only 'December 1989'",ESDPA,,1,1,1,"{""government"": 1}",1,1,True,True,facility_name,NO_VICTIM_NAMED | MISSING:facility_name | ESDPA_DEVIATION,3
ESD-1991-07-00-1.md,ESD-1991-07-00-1,1991-07,1991,month,AR,Garland,Hot Springs,Lake Hamilton,,False,fatal,1,0,0,1,0,0,1,dock_wiring,fresh,False,True,False,False,low,CONFIRMED,True,1,#108 (Rev. 8/15/2025),True,,2,"Date listed as approximate (month only); Some ESDPA versions list date as May 11, 1991 — may be confused with FI-1991-001 (Oklahoma)",ESDPA,LOA6,1,1,1,"{""news"": 1}",1,2,True,True,facility_name,NO_VICTIM_NAMED | MISSING:facility_name | ESDPA_DEVIATION,3
ESD-1991-07-24-1.md,ESD-1991-07-24-1,1991-07-24,1991,exact,OK,,,Lake A (northeastern Oklahoma; likely Grand Lake O' the Cherokees),,False,fatal,1,1,0,2,0,1,2,dock_wiring,fresh,False,True,False,False,low,CONFIRMED,True,1,#107 (Rev. 8/15/2025),False,1991-05-11,3,"ESDPA date listed as May 11, 1991; CDC MMWR gives date as July 24, 1991; ESDPA describes 'fault in dock lights energized dock frame'; CDC describes 'electrical short in dock wiring' without mentioning lights; CDC rules cause of death as electrocution (on-dock), not drowning — classification as ESD is questionable",ESDPA,,1,1,1,"{""government"": 1}",1,1,True,True,facility_name,NO_VICTIM_NAMED | MISSING:facility_name | ESDPA_DEVIATION,3
ESD-1993-07-00-1.md,ESD-1993-07-00-1,1993-07,1993,month,NY,Jefferson,Alexandria Bay,St. Lawrence River (Thousand Islands),,False,fatal,2,2,0,2,0,0,2,dock_wiring,fresh,False,True,False,False,low,UNVERIFIED,True,1,#106 (Rev. 8/15/2025),True,,2,Date approximate (month only); some sources list August 1993 instead of July; Two bystanders reportedly shocked and hospitalized (per secondary ESD sources) but not noted in primary ESDPA entry,ESDPA,LOA2,0,0,0,{},0,3,True,True,facility_name,ESDPA_ONLY_NO_INDEP | NO_SOURCES_LIST | NO_VICTIM_NAMED | MISSING:facility_name | ESDPA_DEVIATION,5
ESD-1993-07-27-1.md,ESD-1993-07-27-1,1993-07-27,1993,exact,OK,,,Lake A (northeastern Oklahoma — lake name anonymized by CDC; likely Grand Lake O' the Cherokees),,False,fatal,1,0,0,1,0,1,1,dock_wiring,fresh,False,True,False,False,low,CONFIRMED,False,0,,,,0,,LOA4,,1,1,1,"{""government"": 1}",1,1,True,True,facility_name,NOVEL_LOW_SOURCES | NO_VICTIM_NAMED | MISSING:facility_name,3
ESD-1993-09-00-1.md,ESD-1993-09-00-1,1993-09,1993,month,TX,,,,,False,fatal,1,0,0,1,0,0,1,boat_lift,salt,False,True,False,False,high,UNVERIFIED,True,1,#104 (Rev. 8/15/2025),True,,3,Date listed as approximate (month only); some ESDPA versions list 'approximately 1994'; Salt water ESD is scientifically unusual — classification as ESD may be questionable; Cause of death listed as 'not available' in ESDPA,ESDPA,,0,0,0,{},0,1,True,True,"body_of_water, facility_name","ESDPA_ONLY_NO_INDEP | NO_SOURCES_LIST | NO_VICTIM_NAMED | MISSING:body_of_water,facility_name | ESDPA_DEVIATION",5
ESD-1993-09-05-1.md,ESD-1993-09-05-1,1993-09-05,1993,exact,OK,,,Lake A (northeastern Oklahoma; likely Grand Lake O' the Cherokees),,False,fatal,1,0,0,1,0,1,1,other,fresh,False,True,False,False,low,CONFIRMED,True,1,#105 (Rev. 8/15/2025),False,1993-08,2,"ESDPA date listed as August 1993; CDC MMWR confirms September 5, 1993; ESDPA classifies as 'drowning' under Electric Shock Drownings section; medical examiner ruled cause of death as electrocution, not drowning",ESDPA,,1,1,1,"{""government"": 1}",1,1,True,True,facility_name,NO_VICTIM_NAMED | MISSING:facility_name | ESDPA_DEVIATION,3
ESD-1994-00-00-1.md,ESD-1994-00-00-1,1994,1994,year,DC,,Washington,Potomac River,Bolling Air Force Base (now Joint Base Anacostia-Bolling),False,fatal,1,0,0,1,0,0,1,other,fresh,False,True,False,False,low,UNVERIFIED,True,1,#103 (Rev. 8/15/2025),True,,2,"Date listed as 'approximately 1994'; an earlier ESDPA version gives 'February 1995'; Victim described only as 'young boy' — no name, age, or other details",ESDPA,,0,0,0,{},0,1,True,True,,ESDPA_ONLY_NO_INDEP | NO_SOURCES_LIST | NO_VICTIM_NAMED | ESDPA_DEVIATION,4
ESD-1994-00-00-2.md,ESD-1994-00-00-2,1994,1994,year,TX,,,,,False,fatal,1,0,0,1,0,0,1,boat_lift,salt,False,True,False,False,high,SUSPECTED,False,0,,,,0,,LOA1,,1,1,0,"{""other"": 1}",1,1,True,True,"body_of_water, facility_name","NOVEL_LOW_SOURCES | NO_VICTIM_NAMED | MISSING:body_of_water,facility_name",3
ESD-1995-02-00-1.md,ESD-1995-02-00-1,1995-02,1995,month,NV,Clark,,Lake Mead,,False,fatal,1,0,0,1,0,0,1,shore_power,fresh,False,True,False,False,low,UNVERIFIED,True,1,#102 (Rev. 8/15/2025),True,,2,Date listed as 'February 1995' in Rev. 8/15/2025; earlier ESDPA versions list 'July 1997' for same description; Date conflict unresolvable without additional sources — may be error in either version,ESDPA,,0,0,0,{},0,1,True,True,facility_name,ESDPA_ONLY_NO_INDEP | NO_SOURCES_LIST | NO_VICTIM_NAMED | MISSING:facility_name | ESDPA_DEVIATION,5
ESD-1995-08-00-1.md,ESD-1995-08-00-1,1995-08,1995,month,KY,Russell,Jamestown,Lake Cumberland,Jamestown Resort and Marina,False,near-miss,0,0,7,1,0,0,1,shore_power,fresh,False,True,False,True,high,UNVERIFIED,True,0,,True,,0,,ESDPA,,0,0,0,{},0,1,True,True,,ESDPA_ONLY_NO_INDEP | NO_SOURCES_LIST,2
ESD-1997-07-00-1.md,ESD-1997-07-00-1,1997-07,1997,month,DC,,Washington,Anacostia River / Potomac River,"Air Force Base, Washington DC (likely Bolling AFB / Joint Base Anacostia-Bolling)",False,fatal,1,0,0,1,0,0,1,dock_wiring,fresh,False,True,False,False,low,UNVERIFIED,True,1,#101 (Rev. 8/15/2025),False,1997-07,3,"ESDPA lists date as July 1997, but incident involved boy 'walking on ice' — impossible in Washington DC in July; actual date likely a winter month (possibly January 1997); Internal contradiction between date and description is unresolvable without independent sources; Second fatal electrocution of a boy at same Air Force base; see also FI-1994-001",ESDPA,,0,0,0,{},0,1,True,True,,ESDPA_ONLY_NO_INDEP | NO_SOURCES_LIST | NO_VICTIM_NAMED | ESDPA_DEVIATION,4
ESD-1997-07-00-2.md,ESD-1997-07-00-2,1997-07,1997,month,NV,Clark,,Lake Mead,,False,fatal,1,0,0,1,0,0,1,shore_power,fresh,False,True,False,False,low,SUSPECTED,False,0,,,,0,,LOA1,,1,1,0,"{""other"": 1}",1,1,True,True,facility_name,NOVEL_LOW_SOURCES | NO_VICTIM_NAMED | MISSING:facility_name,3
ESD-1998-07-03-1.md,ESD-1998-07-03-1,1998-07-03,1998,exact,WA,Chelan,Chelan,Lake Chelan,,False,near-miss,0,1,2,2,0,1,2,dock_wiring,fresh,False,True,False,False,low,UNVERIFIED,True,0,,True,,0,,ESDPA,LOA1,1,1,0,"{""other"": 1}",1,2,True,True,facility_name,MISSING:facility_name,1
ESD-1998-09-00-1.md,ESD-1998-09-00-1,1998-09,1998,month,CA,Sonoma,Healdsburg,Lake Sonoma,Lake Sonoma Marina (operated by concessionaire for US Army Corps of Engineers),False,fatal,1,0,0,1,1,1,1,dock_wiring,fresh,False,True,False,True,high,VERIFIED,True,1,#100 (Rev. 8/15/2025),True,,1,Date listed as 'approximately 1998'; confirmed as September 1998 by multiple sources,ESDPA,,6,6,6,"{""legal"": 1, ""news"": 5}",5,1,True,True,,ESDPA_DEVIATION,1
ESD-1998-09-00-2.md,ESD-1998-09-00-2,1998-09,1998,month,CA,Solano,Rio Vista,Sacramento River / Sacramento-San Joaquin River Delta,,False,fatal,2,0,0,2,0,0,2,dock_wiring,fresh,False,True,False,True,medium,UNVERIFIED,True,1,#99 (Rev. 8/15/2025),True,,3,Date listed as approximate (month only); year could be 1998 or 1999; Victim ages listed as '8-10' without specifics; Other boys reported feeling a tingle before the fatal incident,ESDPA,LOA2,0,0,0,{},0,3,True,True,facility_name,ESDPA_ONLY_NO_INDEP | NO_SOURCES_LIST | NO_VICTIM_NAMED | MISSING:facility_name | ESDPA_DEVIATION,5
ESD-1999-07-00-1.md,ESD-1999-07-00-1,1999-07,1999,month,SC,,,,,False,fatal,1,1,0,2,0,0,2,unknown,fresh,False,False,False,False,low,UNVERIFIED,True,1,#98 (Rev. 8/15/2025),True,,3,ESDPA says 'single drowning' but narrative describes husband drowning during rescue; wife's fate unclear; Source notes 'Dead: 2' but only husband's death is explicitly described; wife may have survived; No specific location within South Carolina identified,ESDPA,,0,0,0,{},0,1,True,True,"body_of_water, facility_name","ESDPA_ONLY_NO_INDEP | NO_SOURCES_LIST | NO_VICTIM_NAMED | MISSING:body_of_water,facility_name | ESDPA_DEVIATION",5
ESD-1999-07-00-2.md,ESD-1999-07-00-2,1999-07,1999,month,AZ,Mohave,,Lake Mohave,,False,fatal,1,0,0,1,0,0,1,shore_power,fresh,True,True,False,False,low,SUSPECTED,False,0,,,,0,,LOA1,,2,1,0,"{""other"": 1}",1,1,True,True,facility_name,NO_VICTIM_NAMED | MISSING:facility_name,2
ESD-1999-07-18-1.md,ESD-1999-07-18-1,1999-07-18,1999,exact,AZ,Mohave,,Lake Mohave,,False,fatal,1,0,0,1,0,0,1,shore_power,fresh,False,True,False,False,low,UNVERIFIED,True,1,#96 (Rev. 8/15/2025),True,,0,,ESDPA,,0,0,0,{},0,1,True,True,facility_name,ESDPA_ONLY_NO_INDEP | NO_SOURCES_LIST | NO_VICTIM_NAMED | MISSING:facility_name,4
ESD-1999-07-18-2.md,ESD-1999-07-18-2,1999-07-18,1999,exact,TN,DeKalb,Smithville,Center Hill Lake,Sligo Marina (B pier),False,fatal,1,1,0,2,0,2,2,shore_power,fresh,False,True,False,True,high,UNVERIFIED,True,1,#97 (Rev. 8/15/2025),True,,2,"ESDPA lists lake as 'Cedar Hill Lake'; correct name is 'Center Hill Lake' (US Army Corps of Engineers reservoir); No 'Cedar Hill Lake' exists near Smithville, TN; the actual Cedar Hill Lake is a small lake in Davidson County, ~60 miles away",ESDPA,LOA6,0,0,0,{},0,2,True,True,,ESDPA_ONLY_NO_INDEP | NO_SOURCES_LIST | NO_VICTIM_NAMED | ESDPA_DEVIATION,4
ESD-1999-08-01-1.md,ESD-1999-08-01-1,1999-08-01,1999,exact,OR,Columbia,Scappoose,Multnomah Channel (Willamette River),,False,fatal,1,1,0,2,2,1,2,shore_power,fresh,True,True,False,False,low,VERIFIED,True,1,#95 (Rev. 8/15/2025),False,1999-07,2,"ESDPA date listed as July 1999; correct date is August 1, 1999 per multiple sources; ESDPA describes victim as 'tubing'; multiple sources say he was 'swimming' with life jacket",ESDPA,LOA1,5,5,3,"{""news"": 3, ""other"": 2}",5,2,True,True,facility_name,MISSING:facility_name | ESDPA_DEVIATION,2
ESD-2000-00-00-1.md,ESD-2000-00-00-1,2000,2000,year,TN,,Lafollette,Norris Lake,Whitman Hollow Marina,False,fatal,1,1,0,2,0,0,2,shore_power,fresh,False,True,False,True,high,UNVERIFIED,True,1,#93 (Rev. 8/15/2025),True,,1,Year uncertain: listed as '2000 or 2001' in ESDPA; filed under 2000 as default,ESDPA,LOA6,0,0,0,{},0,2,True,True,,ESDPA_ONLY_NO_INDEP | NO_SOURCES_LIST | NO_VICTIM_NAMED | ESDPA_DEVIATION,4
ESD-2000-09-00-1.md,ESD-2000-09-00-1,2000-09,2000,month,NY,Erie,Grand Island,Niagara River,,False,near-miss,0,0,1,1,0,0,1,dock_wiring,fresh,False,True,False,False,low,UNVERIFIED,True,0,,True,,0,,ESDPA,,0,0,0,{},0,1,True,True,facility_name,ESDPA_ONLY_NO_INDEP | NO_SOURCES_LIST | MISSING:facility_name,3
ESD-2000-09-30-1.md,ESD-2000-09-30-1,2000-09-30,2000,exact,TN,Franklin,Winchester,Tims Ford Lake,,False,fatal,2,0,1,2,0,2,2,dock_wiring,fresh,False,True,True,False,high,CONFIRMED,True,1,#94 (Rev. 8/15/2025),False,1999-08-01,2,"ESDPA date listed as August 1, 1999; multiple independent sources confirm September 30, 2000; August 1, 1999 date likely confused with the Lucas Ritz ESD death in Portland, Oregon",ESDPA,LOA6,4,4,1,"{""legal"": 1, ""other"": 3}",4,2,True,True,facility_name,NO_VICTIM_NAMED | MISSING:facility_name | ESDPA_DEVIATION,3
ESD-2000-09-30-2.md,ESD-2000-09-30-2,2000-09-30,2000,exact,OH,Ottawa,Put-in-Bay,Lake Erie,Possibly Crew's Nest (per local source),False,fatal,1,0,0,1,0,0,1,shore_power,fresh,False,True,False,False,low,UNVERIFIED,True,1,#92 (Rev. 8/15/2025),True,,2,"In 2017, WTOL reported the Evan Currie death as 'the first electric-shock drowning ever reported in the state of Ohio' — raising questions about whether this 2000 incident was ever reported/classified as ESD; A local tourism site references an earlier electrocution 'in front of the Crew's Nest' but gives no date or name",ESDPA,,0,0,0,{},0,1,True,True,,ESDPA_ONLY_NO_INDEP | NO_SOURCES_LIST | NO_VICTIM_NAMED | ESDPA_DEVIATION,4
ESD-2001-04-10-1.md,ESD-2001-04-10-1,2001-04-10,2001,exact,LA,,New Orleans,,,False,fatal,1,0,0,1,0,0,1,other,salt,False,True,False,False,high,UNVERIFIED,True,1,#91 (Rev. 8/15/2025),True,,3,Commercial/fishing context rather than recreational marina setting; Description says 'electrocuted' not 'drowned' — may not be ESD in the traditional sense; Victim described as 'a boy' suggesting a minor working in commercial fishing,ESDPA,,0,0,0,{},0,1,True,True,"body_of_water, facility_name","ESDPA_ONLY_NO_INDEP | NO_SOURCES_LIST | NO_VICTIM_NAMED | MISSING:body_of_water,facility_name | ESDPA_DEVIATION",5
ESD-2001-06-06-1.md,ESD-2001-06-06-1,2001-06-06,2001,exact,AR,Garland,Hot Springs,Lake Hamilton,Farr Shores,False,fatal,1,1,0,2,0,0,2,shore_power,fresh,False,True,False,False,low,UNVERIFIED,True,1,#89 (Rev. 8/15/2025),True,,3,"Date uncertain: Rev. 8/15/2025 lists June 6, 2001; earlier (2007) ESDPA version lists September 15, 2001; September 15 date may have been swapped with FI-2001-001 (Biloxi) in a later revision; Second of three ESD fatalities at Lake Hamilton (see also 1991 and 2008)",ESDPA,LOA2; LOA6,0,0,0,{},0,3,True,True,,ESDPA_ONLY_NO_INDEP | NO_SOURCES_LIST | NO_VICTIM_NAMED | ESDPA_DEVIATION,4
ESD-2001-06-22-1.md,ESD-2001-06-22-1,2001-06-22,2001,exact,VA,Prince William,Dumfries,Lake Montclair,"Private dock, Timber Ridge Drive, Montclair community",False,fatal,2,1,0,3,3,3,3,charger,fresh,True,True,True,False,high,VERIFIED,True,1,#90 (Rev. 8/15/2025),False,2001-05,1,"ESDPA date listed as May 2001; correct date is June 22, 2001 per Washington Post and obituary",ESDPA,,3,3,3,"{""news"": 2, ""obituary"": 1}",2,1,True,True,,ESDPA_DEVIATION,1
ESD-2001-09-15-1.md,ESD-2001-09-15-1,2001-09-15,2001,exact,MS,Harrison,Biloxi,Biloxi Bay,"Bay Marine Boat Works (151 5th St, Biloxi, MS 39530)",False,fatal,1,0,0,1,0,0,1,dock_wiring,salt,False,True,False,False,high,UNVERIFIED,True,1,#88 (Rev. 8/15/2025),True,,3,"ESDPA lists name as 'Bay Marina Boat Works'; correct business name is 'Bay Marine Boat Works'; Date (September 15, 2001) is 4 days after 9/11, which may explain lack of media coverage; Earlier ESDPA version (2007) listed this date for the Farr Shores/Lake Hamilton incident instead",ESDPA,,0,0,0,{},0,1,True,True,,ESDPA_ONLY_NO_INDEP | NO_SOURCES_LIST | NO_VICTIM_NAMED | ESDPA_DEVIATION,4
ESD-2002-00-00-1.md,ESD-2002-00-00-1,2002,2002,year,FL,,,,Multiple Florida marinas (aggregate report),False,near-miss,0,0,1,1,0,0,1,shore_power,salt,False,True,False,False,high,UNVERIFIED,True,0,,True,,2,"Aggregate report spanning 2002-2003, not a single incident; No specific dates, locations, or victim names",ESDPA,,0,1,0,"{""other"": 1}",1,1,True,True,body_of_water,ESDPA_ONLY_NO_INDEP | MISSING:body_of_water | ESDPA_DEVIATION,3
ESD-2002-05-00-1.md,ESD-2002-05-00-1,2002-05,2002,month,KY,Wayne,Monticello,Lake Cumberland,Marina houseboat dock,False,fatal,2,0,0,2,0,0,2,shore_power,fresh,True,True,False,True,high,CONFIRMED,True,1,FI-2002-002 (project file),False,2002-03,2,"ESDPA date listed as March 2002; EC&M article says Memorial Day (May 27, 2002); ESDPA detailed list says May 31, 2002; Correct month is May 2002, not March",ESDPA,LOA2,1,1,1,"{""news"": 1}",1,2,True,True,,NO_VICTIM_NAMED | ESDPA_DEVIATION,2
ESD-2002-05-00-2.md,ESD-2002-05-00-2,2002-05,2002,month,TX,Tarrant,Arlington,Apartment complex swimming pool,"Apartment complex pool, Arlington TX",False,fatal,1,1,0,2,0,2,2,pool_pump,pool,False,True,False,False,high,CONFIRMED,False,0,,,,0,,LOA4,,1,1,1,"{""government"": 1}",1,1,True,True,,NOVEL_LOW_SOURCES | NO_VICTIM_NAMED,2
ESD-2002-07-00-1.md,ESD-2002-07-00-1,2002-07,2002,month,GA,,,Allatoona Lake,,False,near-miss,0,1,2,3,0,0,3,shore_power,fresh,False,True,False,False,low,UNVERIFIED,True,0,,True,,0,,ESDPA,,0,0,0,{},0,1,True,True,facility_name,ESDPA_ONLY_NO_INDEP | NO_SOURCES_LIST | MISSING:facility_name,3
ESD-2002-10-00-1.md,ESD-2002-10-00-1,2002-10,2002,approximate,SC,,,Lake Murray,,False,near-miss,0,0,1,1,0,0,1,dock_wiring,fresh,False,True,False,False,low,UNVERIFIED,True,0,,True,,1,Date listed as 'Fall 2002' — approximate,ESDPA,,0,0,0,{},0,1,True,True,facility_name,ESDPA_ONLY_NO_INDEP | NO_SOURCES_LIST | DATE_WEAK | MISSING:facility_name | ESDPA_DEVIATION,5
ESD-2003-05-00-1.md,ESD-2003-05-00-1,2003-05,2003,month,GA,,,Allatoona Lake,Private houseboat dock,False,non-fatal,0,0,0,0,0,0,0,shore_power,fresh,True,True,True,False,high,UNVERIFIED,True,2,FI-2003-003 (project file); #85 (Rev. 8/15/2025),True,,2,"Date may be June 2003 rather than May 2003; some ESDPA-derived summaries reference June; Wildlife-only incident: six ducks killed, no human casualties",ESDPA,,0,0,0,{},0,1,True,True,,ESDPA_ONLY_NO_INDEP | NO_SOURCES_LIST | ESDPA_DEVIATION,3
ESD-2003-05-08-1.md,ESD-2003-05-08-1,2003-05-08,2003,exact,FL,Lee,North Fort Myers,Canal (Caloosahatchee River estuary area),Private dock with boat lift,False,fatal,2,0,0,2,2,2,2,boat_lift,salt,False,True,False,False,high,VERIFIED,True,1,FI-2002-001 (project file),False,2002-05-31,2,"ESDPA date wrong by nearly a year: listed as May 31, 2002; correct date is May 8, 2003; ESDPA location listed as Cape Coral FL; correct location is North Fort Myers FL",ESDPA,,3,3,3,"{""news"": 1, ""obituary"": 2}",3,1,True,True,,ESDPA_DEVIATION,1
ESD-2003-08-00-1.md,ESD-2003-08-00-1,2003-08,2003,month,KY,Taylor,Campbellsville,Green River Lake,,False,near-miss,0,0,1,1,0,0,1,shore_power,fresh,True,True,False,True,medium,UNVERIFIED,True,0,,True,,0,,ESDPA,,0,0,0,{},0,1,True,True,facility_name,ESDPA_ONLY_NO_INDEP | NO_SOURCES_LIST | MISSING:facility_name,3
ESD-2004-05-31-1.md,ESD-2004-05-31-1,2004-05-31,2004,exact,KY,Livingston,Grand Rivers,Lake Barkley,,False,near-miss,0,0,3,3,0,0,3,shore_power,fresh,False,True,False,False,low,UNVERIFIED,True,0,,True,,0,,ESDPA,,0,0,0,{},0,1,True,True,facility_name,ESDPA_ONLY_NO_INDEP | NO_SOURCES_LIST | MISSING:facility_name,3
ESD-2004-06-05-1.md,ESD-2004-06-05-1,2004-06-05,2004,exact,NC,,Charlotte,Lake Wylie,Houseboat dock,False,fatal,1,1,0,2,0,0,2,dock_wiring,fresh,False,True,False,False,low,UNVERIFIED,True,2,FI-2003-001 (project file); #39 (earlier ESDPA list revisions),False,2003-08-03,2,"ESDPA date listed as August 3, 2003; all verifiable ESDPA list versions date this as June 5, 2004; Date may have been confused with incident #37 (Aug 3, 2004, Lake Travis TX) or #40 (Aug 3, 2003, Bull Shoals AR)",ESDPA,,0,0,0,{},0,1,True,True,,ESDPA_ONLY_NO_INDEP | NO_SOURCES_LIST | NO_VICTIM_NAMED | ESDPA_DEVIATION,4
ESD-2004-06-19-1.md,ESD-2004-06-19-1,2004-06-19,2004,exact,TX,Travis,Austin,Lake Travis,Marina dock,False,fatal,1,0,0,1,0,0,1,dock_wiring,fresh,False,True,False,True,high,UNVERIFIED,True,1,FI-2004-004 (project file),True,,0,,ESDPA,,0,0,0,{},0,1,True,True,,ESDPA_ONLY_NO_INDEP | NO_SOURCES_LIST | NO_VICTIM_NAMED,3
ESD-2004-06-19-2.md,ESD-2004-06-19-2,2004-06-19,2004,approximate,NC,Columbus,Lake Waccamaw,Lake Waccamaw,Private dock with motorized boat lift,False,fatal,1,0,0,1,0,1,1,boat_lift,fresh,True,True,True,False,high,CONFIRMED,True,1,FI-2004-005 (project file),False,2004-06-05,2,"ESDPA date listed as June 5, 2004; EC&M technical article references June 19, 2004; Date discrepancy between ESDPA (June 5) and EC&M article (June 19)",ESDPA,LOA2,1,1,1,"{""news"": 1}",1,2,True,True,,NO_VICTIM_NAMED | DATE_WEAK | ESDPA_DEVIATION,3
ESD-2004-07-00-1.md,ESD-2004-07-00-1,2004-07,2004,month,AZ,Maricopa,,Saguaro Lake,Saguaro Lake Marina,False,near-miss,0,0,1,1,0,0,1,shore_power,fresh,False,True,False,True,high,UNVERIFIED,True,0,,True,,0,,ESDPA,,0,0,0,{},0,1,True,True,,ESDPA_ONLY_NO_INDEP | NO_SOURCES_LIST,2
ESD-2004-07-00-2.md,ESD-2004-07-00-2,2004-07,2004,month,CA,,,Sacramento River,,False,near-miss,0,1,2,3,0,0,3,other,fresh,False,True,False,False,high,UNVERIFIED,True,0,,True,,0,,ESDPA,,0,0,0,{},0,1,True,True,facility_name,ESDPA_ONLY_NO_INDEP | NO_SOURCES_LIST | MISSING:facility_name,3
ESD-2004-08-08-1.md,ESD-2004-08-08-1,2004-08-08,2004,exact,TX,Travis,Austin,Lake Travis,Marina dock (between two sections),False,fatal,1,0,0,1,0,0,1,dock_wiring,fresh,False,True,False,True,high,SUSPECTED,True,3,#42 (Rev. 5/9/16); #66 (Rev. 5/6/20); #38 (Harbor Marine Update),True,,0,,LOA2,,0,3,0,"{""other"": 3}",3,1,True,True,,NO_VICTIM_NAMED,1
ESD-2004-09-12-1.md,ESD-2004-09-12-1,2004-09-12,2004,exact,MS,Madison,Ridgeland,Ross Barnett Reservoir,Main Harbor Marina,False,fatal,1,0,1,2,1,1,2,shore_power,fresh,False,True,False,True,high,VERIFIED,True,1,FI-2004-003 (project file),False,2004-08-08,2,"ESDPA date listed as August 8, 2004; mother's account in HuffPost states September 12, 2004; HuffPost article says 'Jackson, Michigan' but Ross Barnett Reservoir is near Jackson, Mississippi",ESDPA,LOA1,4,4,4,"{""government"": 1, ""news"": 3}",4,2,True,True,,ESDPA_DEVIATION,1
ESD-2004-09-13-1.md,ESD-2004-09-13-1,2004-09-13,2004,exact,MO,Camden,Lake of the Ozarks,Lake of the Ozarks,Private dock,False,fatal,1,0,0,1,1,1,1,dock_wiring,fresh,False,True,True,False,high,CONFIRMED,True,1,FI-2004-002 (project file),True,,1,ESDPA describes victim as 'stepped on electrical cable while exiting water'; newspapers say he 'was shocked by a dock cable and fell into the water while helping to remodel a lake house',ESDPA,,3,3,3,"{""news"": 3}",2,1,True,True,,ESDPA_DEVIATION,1
ESD-2005-06-24-1.md,ESD-2005-06-24-1,2005-06-24,2005,exact,NY,,,Lake Ontario,,False,near-miss,0,1,0,1,0,0,1,dock_wiring,fresh,False,True,False,False,low,UNVERIFIED,True,0,,True,,0,,ESDPA,,0,0,0,{},0,1,True,True,facility_name,ESDPA_ONLY_NO_INDEP | NO_SOURCES_LIST | MISSING:facility_name,3
ESD-2005-06-28-1.md,ESD-2005-06-28-1,2005-06-28,2005,exact,KY,Rowan,Morehead,Cave Run Lake,Scotts Creek Marina,False,fatal,1,1,0,2,1,1,2,charger,fresh,False,True,False,True,high,VERIFIED,True,1,FI-2004-001 (project file),False,2004-09,2,"ESDPA date listed as September 2004; correct date is June 27-28, 2005 per obituary, news, and BoatTEST; Location spelled variously as Moorhead/Morehead and Scott's Creek/Scotts Creek/Scott Creek",ESDPA,,4,4,4,"{""news"": 3, ""obituary"": 1}",4,1,True,True,,ESDPA_DEVIATION,1
ESD-2005-07-00-1.md,ESD-2005-07-00-1,2005-07,2005,month,NY,Kings,Brooklyn,,"Private marina, Brooklyn",False,near-miss,0,0,1,1,0,0,1,other,salt,True,True,False,False,high,UNVERIFIED,True,0,,True,,0,,ESDPA,,0,0,0,{},0,1,True,True,body_of_water,ESDPA_ONLY_NO_INDEP | NO_SOURCES_LIST | MISSING:body_of_water,3
ESD-2006-03-18-1.md,ESD-2006-03-18-1,2006-03-18,2006,exact,MO,Jefferson,DeSoto,Spring Lake (Summerset Lake subdivision),Private dock with electric boat lift and lighting,False,fatal,1,2,1,4,3,3,4,dock_wiring,fresh,True,True,True,False,high,VERIFIED,True,1,FI-2006-001 (project file),True,,2,"Victim unnamed in ESDPA list; identified via LOA8 research; Location listed generically; now confirmed as Spring Lake, Summerset Lake subdivision",ESDPA,LOA2; LOA8; LOA13,8,5,5,"{""court"": 1, ""memorial"": 1, ""news"": 3}",5,3,True,True,,ESDPA_DEVIATION,1
ESD-2006-05-21-1.md,ESD-2006-05-21-1,2006-05-21,2006,exact,AL,Cherokee,Centre,Weiss Lake,Private dock/pier,False,fatal,1,2,0,3,3,1,3,dock_wiring,fresh,False,True,True,False,high,VERIFIED,True,1,FI-2006-006 (project file),False,2006-03-18,2,"ESDPA date listed as March 18, 2006; correct date is May 21, 2006 per newspaper and obituary; ESDPA mentions 'electric windmill on dock'; not confirmed by independent sources",ESDPA,,3,3,3,"{""news"": 2, ""obituary"": 1}",3,1,True,True,,ESDPA_DEVIATION,1
ESD-2006-05-22-1.md,ESD-2006-05-22-1,2006-05-22,2006,exact,WI,Racine,Racine,Lake Michigan,Racine Harbor,False,fatal,1,0,0,1,0,1,1,shore_power,fresh,False,True,False,True,high,UNVERIFIED,True,1,FI-2006-005 (project file),True,,0,,ESDPA,,0,0,0,{},0,1,True,True,,ESDPA_ONLY_NO_INDEP | NO_SOURCES_LIST | NO_VICTIM_NAMED,3
ESD-2006-06-25-1.md,ESD-2006-06-25-1,2006-06-25,2006,exact,AR,Garland,Royal,Lake Ouachita,Brady Mountain Resort,False,fatal,1,1,1,3,1,1,3,extension_cord,fresh,False,True,False,True,medium,VERIFIED,True,1,FI-2006-004 (project file),False,2006-06-10,3,"ESDPA date listed as June 10, 2006; KAIT8 news reports Saturday June 25, 2006; ESDPA says Hot Springs AR; more precisely Royal, AR (Garland County); ESDPA says 'faulty shore cord connection'; KAIT8 says 'ungrounded electrical cord'",ESDPA,,3,3,3,"{""legal"": 1, ""news"": 2}",3,1,True,True,,ESDPA_DEVIATION,1
ESD-2006-07-02-1.md,ESD-2006-07-02-1,2006-07-02,2006,exact,MN,Douglas,,Lake L'Homme Dieu,,False,near-miss,0,1,2,3,0,0,3,extension_cord,fresh,False,True,False,False,high,UNVERIFIED,True,0,,True,,0,,ESDPA,,0,0,0,{},0,1,True,True,facility_name,ESDPA_ONLY_NO_INDEP | NO_SOURCES_LIST | MISSING:facility_name,3
ESD-2006-07-14-1.md,ESD-2006-07-14-1,2006-07-14,2006,exact,MI,St. Clair,Port Huron,Black River,"River Street Marina, near 10th Street Bridge",False,fatal,1,2,0,3,1,1,3,shore_power,fresh,False,True,False,True,high,VERIFIED,True,1,FI-2006-003 (project file),False,2006-06-24,1,"ESDPA date listed as June 24, 2006; correct date is July 14, 2006 per obituary and newspaper",ESDPA,,4,4,4,"{""memorial"": 1, ""news"": 1, ""obituary"": 2}",4,1,True,True,,ESDPA_DEVIATION,1
ESD-2006-07-24-1.md,ESD-2006-07-24-1,2006-07-24,2006,approximate,MO,,Lake of the Ozarks,Lake of the Ozarks,"Private dock, 81 Mile Marker",False,fatal,1,0,0,1,1,1,1,dock_wiring,fresh,False,True,True,False,high,CONFIRMED,True,1,FI-2006-001 (project file),True,,2,"ESDPA date of July 24, 2006 is a Monday; LakeExpo article says incident occurred on a Saturday (which would be July 22, 2006); Date requires further verification via Missouri State Highway Patrol records",ESDPA,,1,1,1,"{""news"": 1}",1,1,True,True,,DATE_WEAK | ESDPA_DEVIATION,2
ESD-2006-07-24-2.md,ESD-2006-07-24-2,2006-07-24,2006,exact,GA,Forsyth,Cumming,Lake Lanier,"Family lake home, private dock",False,fatal,1,3,0,4,1,3,4,dock_wiring,fresh,False,True,True,False,high,VERIFIED,True,1,FI-2006-002 (project file),False,2006-07-14,3,"ESDPA date listed as July 14, 2006; correct date is July 24, 2006 per AP wire story and obituary; ESDPA lists victim age as 17; correct age is 15 per obituary (born Nov 21, 1990); ESDPA lists 1 shocked/survived; actually at least 3 (two friends + father)",ESDPA,LOA6,4,4,4,"{""news"": 3, ""obituary"": 1}",4,2,True,True,,ESDPA_DEVIATION,1
ESD-2006-08-00-1.md,ESD-2006-08-00-1,2006-08,2006,month,WI,Racine,Racine,Lake Michigan,,False,near-miss,0,0,1,1,0,0,1,other,fresh,False,True,False,True,medium,UNVERIFIED,True,0,,True,,0,,ESDPA,,0,0,0,{},0,1,True,True,facility_name,ESDPA_ONLY_NO_INDEP | NO_SOURCES_LIST | MISSING:facility_name,3
ESD-2007-07-01-1.md,ESD-2007-07-01-1,2007-07-01,2007,exact,True,,Kingston,Lake Ontario,Collins Bay Marina,False,near-miss,0,0,1,1,0,0,1,charger,fresh,False,True,False,True,high,UNVERIFIED,True,0,,True,,1,"Canadian incident (Ontario, Canada); state field uses province code",ESDPA,,0,0,0,{},0,1,True,True,,ESDPA_ONLY_NO_INDEP | NO_SOURCES_LIST | ESDPA_DEVIATION,3
ESD-2007-07-20-1.md,ESD-2007-07-20-1,2007-07-20,2007,exact,OK,Oklahoma,Edmond,Lake Arcadia,,False,near-miss,0,1,1,2,0,0,2,dock_wiring,fresh,False,True,False,False,low,UNVERIFIED,True,0,,True,,0,,ESDPA,,0,0,0,{},0,1,True,True,facility_name,ESDPA_ONLY_NO_INDEP | NO_SOURCES_LIST | MISSING:facility_name,3
ESD-2007-07-28-1.md,ESD-2007-07-28-1,2007-07-28,2007,exact,MO,,Lake of the Ozarks,Lake of the Ozarks,Private dock,False,fatal,1,0,0,1,0,1,1,dock_wiring,fresh,False,True,True,False,high,SUSPECTED,True,1,#38 (Rev. 5/9/16),True,,0,,LOA2,LOA6,0,2,0,"{""other"": 2}",2,2,True,True,,NO_VICTIM_NAMED,1
ESD-2007-08-28-1.md,ESD-2007-08-28-1,2007-08-28,2007,exact,NY,Erie,Eden,Private farm pond,,False,near-miss,0,1,0,1,1,1,1,other,fresh,False,True,False,False,high,CONFIRMED,True,0,,True,,1,ESDPA date states August 28; day of week analysis suggests possible August 27 (Monday),ESDPA,,2,2,2,"{""news"": 2}",2,1,True,True,facility_name,MISSING:facility_name | ESDPA_DEVIATION,2
ESD-2007-09-00-1.md,ESD-2007-09-00-1,2007-09,2007,month,FL,Lee,,Caloosahatchee River,Franklin Lock Campground,False,near-miss,0,0,1,1,0,0,1,shore_power,fresh,False,True,False,True,medium,UNVERIFIED,True,0,,True,,0,,ESDPA,,0,0,0,{},0,1,True,True,,ESDPA_ONLY_NO_INDEP | NO_SOURCES_LIST,2
ESD-2008-06-13-1.md,ESD-2008-06-13-1,2008-06-13,2008,exact,NC,Brunswick,Ocean Isle Beach,Atlantic Ocean / Intracoastal Waterway,"Ocean Isle Beach Marina, 2000 Sommerset Rd SW",False,fatal,1,0,0,1,0,0,1,dock_wiring,salt,False,True,False,False,high,CONFIRMED,False,0,,,,0,,LOA4,,1,1,1,"{""government"": 1}",1,1,True,True,,NOVEL_LOW_SOURCES | NO_VICTIM_NAMED,2
ESD-2008-08-23-1.md,ESD-2008-08-23-1,2008-08-23,2008,exact,AR,Garland,Hot Springs,Lake Hamilton,Lake Hamilton Resort,False,fatal,1,2,0,3,3,3,3,dock_wiring,fresh,True,True,False,True,medium,CONFIRMED,True,1,FI-2007-001 (project file),False,2007-07-28,3,"ESDPA date listed as July 28, 2007; independent sources confirm August 23, 2008; ESDPA lists 7-year-old boy; independent sources say 6-year-old boy (Devin Keele); Date error of over 1 year; no independent sources found for any July 2007 Lake Hamilton ESD incident",ESDPA,,2,2,2,"{""news"": 2}",2,1,True,True,,ESDPA_DEVIATION,1
ESD-2010-05-24-1.md,ESD-2010-05-24-1,2010-05-24,2010,exact,IA,Cerro Gordo,Clear Lake,Clear Lake,Neighbor's dock at 3830 N. Shore Drive,False,near-miss,0,1,0,1,1,1,1,boat_lift,fresh,False,True,True,False,high,CONFIRMED,True,0,,True,,0,,ESDPA,,1,1,1,"{""news"": 1}",1,1,True,True,,,0
ESD-2010-05-29-1.md,ESD-2010-05-29-1,2010-05-29,2010,exact,WV,Lewis,Weston,Stonewall Jackson Lake,Stonewall Jackson Lake Marina,False,fatal,1,1,0,2,1,1,2,dock_wiring,fresh,False,True,False,True,high,VERIFIED,True,1,FI-2008-001 (project file),False,2008-08-23,3,"ESDPA date listed as August 23, 2008; correct date is May 29, 2010 per obituary, news, and legislation signing; ESDPA says 'fell back in and drowned' but autopsy found no water in lungs — death was electrocution, not drowning; Date error of nearly 2 years",ESDPA,,8,6,6,"{""news"": 5, ""obituary"": 1}",6,1,True,True,,ESDPA_DEVIATION,1
ESD-2010-05-29-2.md,ESD-2010-05-29-2,2010-05-29,2010,exact,NC,Columbus,Lake Waccamaw,Lake Waccamaw,"Private covered dock with boat lift, approximately 200 feet from shore",False,fatal,1,0,1,2,0,0,2,dock_wiring,fresh,True,True,True,False,high,CONFIRMED,True,1,FI-2010-004 (project file),True,,0,,ESDPA,LOA2,1,1,1,"{""news"": 1}",1,2,True,True,,NO_VICTIM_NAMED,1
ESD-2010-06-00-1.md,ESD-2010-06-00-1,2010-06,2010,month,AL,,,Lewis Smith Lake,Private dock,False,fatal,1,0,0,1,0,1,1,dock_wiring,fresh,False,True,True,False,high,UNVERIFIED,True,1,FI-2010-003 (project file),True,,2,"Only month-level date precision (June 2010); Location listed as Birmingham AL but Smith Lake spans Cullman, Walker, Winston, and Blount counties, none of which are in Birmingham",ESDPA,,0,0,0,{},0,1,True,True,,ESDPA_ONLY_NO_INDEP | NO_SOURCES_LIST | NO_VICTIM_NAMED | ESDPA_DEVIATION,4
ESD-2010-06-21-1.md,ESD-2010-06-21-1,2010-06-21,2010,approximate,SC,York,York,,Residential swimming pool,False,fatal,1,1,0,2,0,1,2,other,pool,False,True,False,False,high,UNVERIFIED,True,1,FI-2010-002 (project file),True,,2,"Date may be July 10, 2010 rather than June 21, 2010; one secondary reference cites July 10; June 21 was a Monday; July 10 was a Saturday (more typical for pool incident)",ESDPA,,0,0,0,{},0,1,True,True,body_of_water,ESDPA_ONLY_NO_INDEP | NO_SOURCES_LIST | NO_VICTIM_NAMED | DATE_WEAK | MISSING:body_of_water | ESDPA_DEVIATION,6
ESD-2010-06-24-1.md,ESD-2010-06-24-1,2010-06-24,2010,exact,TX,Travis,,Lake Travis,,False,near-miss,0,1,1,2,0,2,2,boat_lift,fresh,False,True,False,False,low,UNVERIFIED,True,0,,True,,0,,ESDPA,,0,0,0,{},0,1,True,True,facility_name,ESDPA_ONLY_NO_INDEP | NO_SOURCES_LIST | MISSING:facility_name,3
ESD-2010-07-03-1.md,ESD-2010-07-03-1,2010-07-03,2010,exact,TN,Blount,Friendsville,Fort Loudoun Lake,International Harbor,False,near-miss,0,1,3,4,0,4,4,dock_wiring,fresh,False,False,False,True,high,UNVERIFIED,True,0,,True,,0,,ESDPA,,0,0,0,{},0,1,True,True,,ESDPA_ONLY_NO_INDEP | NO_SOURCES_LIST,2
ESD-2010-07-10-1.md,ESD-2010-07-10-1,2010-07-10,2010,exact,KY,Taylor,Campbellsville,Green River Lake,,False,near-miss,0,2,1,3,3,0,3,shore_power,fresh,False,True,False,False,medium,CONFIRMED,True,0,,False,2010-08-08,1,"ESDPA date was August 8, 2010; correct date is July 10, 2010",ESDPA,,2,2,2,"{""news"": 2}",2,1,True,True,facility_name,MISSING:facility_name | ESDPA_DEVIATION,2
ESD-2010-07-25-1.md,ESD-2010-07-25-1,2010-07-25,2010,exact,IN,Carroll,Monticello,Lake Freeman,Angel Shores Resort (private dock),False,fatal,1,0,0,1,1,1,1,dock_wiring,fresh,False,True,True,False,high,VERIFIED,True,1,"FI-XXXX-001 (project file, no date in ESDPA)",False,,1,"No date provided in ESDPA document; confirmed date is July 25, 2010",ESDPA,LOA2; LOA8,8,3,3,"{""court"": 1, ""news"": 1, ""obituary"": 1}",3,2,True,True,,ESDPA_DATE_DEV_UNDOCUMENTED | ESDPA_DEVIATION,2
ESD-2010-07-31-1.md,ESD-2010-07-31-1,2010-07-31,2010,exact,VT,,,Lake Champlain,,False,near-miss,0,0,3,3,0,2,3,unknown,fresh,False,False,False,False,low,CONFIRMED,True,0,,True,,0,,ESDPA,,1,1,1,"{""news"": 1}",1,1,True,True,facility_name,MISSING:facility_name,1
ESD-2010-09-01-1.md,ESD-2010-09-01-1,2010-09-01,2010,exact,FL,Miami-Dade,Palmetto Bay,Small lake at Perrine Wayside Dog Park,"Perrine Wayside Dog Park (Village Dog Park), 16425 S. Dixie Highway",False,near-miss,0,0,1,1,0,0,1,fountain,fresh,False,True,False,False,high,CONFIRMED,True,0,,False,2010-09-05,1,"ESDPA date was September 5, 2010; correct date is September 1, 2010",ESDPA,,1,1,1,"{""news"": 1}",1,1,True,True,,ESDPA_DEVIATION,1
ESD-2010-09-05-1.md,ESD-2010-09-05-1,2010-09-05,2010,exact,SC,Anderson,Anderson,Hartwell Lake,,False,near-miss,0,1,0,1,0,1,1,dock_wiring,fresh,False,True,False,False,low,UNVERIFIED,True,0,,True,,1,Date may be uncertain; originally listed same date as Perrine Wayside incident which was corrected,ESDPA,,0,0,0,{},0,1,True,True,facility_name,ESDPA_ONLY_NO_INDEP | NO_SOURCES_LIST | MISSING:facility_name | ESDPA_DEVIATION,4
ESD-2011-03-18-1.md,ESD-2011-03-18-1,2011-03-18,2011,exact,TX,Harris,Houston,Retention pond,,False,near-miss,0,0,1,1,0,0,1,fountain,fresh,False,True,False,False,high,UNVERIFIED,True,0,,True,,0,,ESDPA,,0,0,0,{},0,1,True,True,facility_name,ESDPA_ONLY_NO_INDEP | NO_SOURCES_LIST | MISSING:facility_name,3
ESD-2011-05-28-1.md,ESD-2011-05-28-1,2011-05-28,2011,exact,MN,Wabasha,Lake City,Lake Pepin,"Family home, 1400 Central Point",False,fatal,1,1,0,2,1,1,2,boat_lift,fresh,False,True,True,False,medium,VERIFIED,True,1,FI-2010-001 (project file),False,2010-07-26,2,"ESDPA date listed as July 26, 2010; correct date is May 28, 2011 per Find a Grave, forum, and family obituaries; Date error of nearly 1 year",ESDPA,,3,3,2,"{""memorial"": 1, ""obituary"": 1, ""other"": 1}",3,1,True,True,,ESDPA_DEVIATION,1
ESD-2011-06-21-1.md,ESD-2011-06-21-1,2011-06-21,2011,exact,WV,Kanawha,Charleston,Kanawha River,Lou Wendell Marine,False,near-miss,0,1,0,1,0,0,1,dock_wiring,fresh,False,True,False,True,high,UNVERIFIED,True,0,,True,,0,,ESDPA,,0,0,0,{},0,1,True,True,,ESDPA_ONLY_NO_INDEP | NO_SOURCES_LIST,2
ESD-2011-07-25-1.md,ESD-2011-07-25-1,2011-07-25,2011,exact,IL,Whiteside,Tampico,,Cornfield with center pivot irrigation system,False,fatal,2,8,0,2,2,2,2,other,fresh,False,True,False,False,high,VERIFIED,True,1,FI-2012-006 (project file),False,2012-07-25,2,ESDPA year listed as 2012; correct year is 2011 per all independent sources; ESDPA says '14yo boy and girl'; both victims were girls (Hannah Kendall and Jade Garza),ESDPA,,7,6,6,"{""legal"": 1, ""news"": 5}",6,1,True,True,body_of_water,MISSING:body_of_water | ESDPA_DEVIATION,2
ESD-2011-08-15-1.md,ESD-2011-08-15-1,2011-08-15,2011,exact,GA,Putnam,,Lake Sinclair,Private dock between two houseboats,False,fatal,1,1,1,3,0,2,3,dock_wiring,fresh,False,True,True,False,high,UNVERIFIED,True,1,FI-2011-001 (project file),True,,0,,ESDPA,,0,0,0,{},0,1,True,True,,ESDPA_ONLY_NO_INDEP | NO_SOURCES_LIST | NO_VICTIM_NAMED,3
ESD-2011-08-15-2.md,ESD-2011-08-15-2,2011-08-15,2011,exact,MI,Grand Traverse,Traverse City,West Grand Traverse Bay,"Duncan L. Clinch Marina, F-Dock",False,fatal,1,1,0,2,2,1,2,dock_wiring,fresh,True,True,False,True,high,VERIFIED,True,1,FI-2011-002 (project file),False,2011-05-28,1,"ESDPA date listed as May 28, 2011; correct date is August 15, 2011 per obituary, AP, and all news sources",ESDPA,LOA2; LOA6,11,6,6,"{""news"": 5, ""obituary"": 1}",6,3,True,True,,ESDPA_DEVIATION,1
ESD-2011-08-28-1.md,ESD-2011-08-28-1,2011-08-28,2011,exact,CT,Fairfield,Norwalk,Long Island Sound,Near Shady Beach,False,near-miss,0,0,2,2,0,0,2,other,salt,False,True,False,False,high,UNVERIFIED,True,0,,True,,0,,ESDPA,,0,0,0,{},0,1,True,True,,ESDPA_ONLY_NO_INDEP | NO_SOURCES_LIST,2
ESD-2012-05-28-1.md,ESD-2012-05-28-1,2012-05-28,2012,exact,MO,Camden,,Lake of the Ozarks,,False,near-miss,0,1,2,3,0,0,3,dock_wiring,fresh,False,True,False,False,low,UNVERIFIED,True,0,,True,,0,,ESDPA,,0,0,0,{},0,1,True,True,facility_name,ESDPA_ONLY_NO_INDEP | NO_SOURCES_LIST | MISSING:facility_name,3
ESD-2012-06-27-1.md,ESD-2012-06-27-1,2012-06-27,2012,exact,FL,Orange,Kissimmee,Mini-golf pond,"Orange Lake Resort, miniature golf course",False,fatal,1,1,0,2,2,1,2,pool_pump,fountain,False,True,False,False,high,VERIFIED,True,1,FI-2012-011 (project file),False,2012-05-05,2,"ESDPA date listed as May 5, 2012; correct date is June 27, 2012; Location listed as Celebration FL; actually Orange Lake Resort near Kissimmee",ESDPA,LOA2,6,2,2,"{""news"": 2}",2,1,True,True,,ESDPA_DEVIATION,1
ESD-2012-07-04-1.md,ESD-2012-07-04-1,2012-07-04,2012,exact,MO,Camden,Lake of the Ozarks,Lake of the Ozarks,"Private dock, Gravois Arm, 6.5 Mile Marker",False,fatal,2,0,0,2,2,2,2,dock_wiring,fresh,False,True,True,False,high,VERIFIED,True,1,FI-2012-009 (project file),True,,0,,ESDPA,LOA3; LOA6; LOA8; LOA11,7,5,5,"{""court"": 1, ""news"": 3, ""video"": 1}",5,3,True,True,,,0
ESD-2012-07-04-2.md,ESD-2012-07-04-2,2012-07-04,2012,exact,TN,Grainger,Bean Station,Cherokee Lake,German Creek Marina,False,fatal,2,1,1,4,2,3,4,shore_power,fresh,False,True,False,True,high,VERIFIED,True,1,FI-2012-010 (project file),False,2012-06-27,2,"ESD section date listed as June 27, 2012; correct date is July 4, 2012; Victims unnamed in ESDPA list",ESDPA,LOA2,7,3,3,"{""government"": 1, ""news"": 2}",3,2,True,True,,ESDPA_DEVIATION,1
ESD-2012-07-07-1.md,ESD-2012-07-07-1,2012-07-25,2012,exact,MN,Itasca,Cohasset,Pokegama Lake,"Private dock, Hill Top Trail",False,fatal,1,2,0,3,3,3,3,extension_cord,fresh,False,True,True,False,high,VERIFIED,True,1,FI-2012-007 (project file),False,2012-07-07,2,"ESDPA date listed as July 7, 2012; correct date is July 25, 2012 per CBS Minnesota and AuGres Maritime Museum; ESDPA did not include victim names; CBS Minnesota identifies Robert Stoen (22, Owatonna MN)",ESDPA,LOA11,2,1,1,"{""news"": 1}",1,2,True,True,,ESDPA_DEVIATION,1
ESD-2012-07-07-2.md,ESD-2012-07-07-2,2012-07-07,2012,exact,MO,Morgan,,Lake of the Ozarks,"Private dock, Dry Branch Cove, 5-mile marker",False,fatal,1,0,0,1,1,1,1,dock_wiring,fresh,False,True,True,False,high,VERIFIED,True,1,FI-2012-008 (project file),False,2012-07-04,2,"ESDPA date listed as July 4, 2012; correct date is July 7, 2012 per Columbia Missourian, Lake Expo, and other sources; ESDPA confusion likely arose because a separate incident (Anderson children) occurred on July 4 at the same lake",ESDPA,,4,4,4,"{""news"": 4}",4,1,True,True,,ESDPA_DEVIATION,1
ESD-2012-07-23-1.md,ESD-2012-07-23-1,2012-07-23,2012,exact,MO,Camden,,Lake of the Ozarks,Dock under electrical repairs,False,near-miss,0,0,3,3,0,0,3,dock_wiring,fresh,False,True,False,False,low,UNVERIFIED,True,0,,True,,0,,ESDPA,,0,0,0,{},0,1,True,True,,ESDPA_ONLY_NO_INDEP | NO_SOURCES_LIST,2
ESD-2012-08-04-1.md,ESD-2012-08-04-1,2012-08-04,2012,exact,MO,Camden,,Lake of the Ozarks,Dock at Gravois Arm,False,near-miss,0,0,2,2,0,0,2,dock_wiring,fresh,False,True,True,False,high,UNVERIFIED,True,0,,True,,0,,ESDPA,,0,0,0,{},0,1,True,True,,ESDPA_ONLY_NO_INDEP | NO_SOURCES_LIST,2
ESD-2012-08-14-1.md,ESD-2012-08-14-1,2012-08-14,2012,exact,CA,Orange,Garden Grove,Residential backyard swimming pool,,False,near-miss,0,2,1,3,3,2,3,other,pool,False,True,False,False,high,VERIFIED,True,0,,True,,0,,ESDPA,,2,2,2,"{""news"": 2}",2,1,True,True,facility_name,MISSING:facility_name,1
ESD-2012-08-22-1.md,ESD-2012-08-22-1,2012-08-22,2012,exact,CA,Los Angeles,Los Angeles,,"Magnolia Boulevard at Ben Avenue, Valley Village",False,fatal,2,8,0,2,2,2,2,overhead_line,fresh,True,True,False,False,high,VERIFIED,True,1,FI-2012-005 (project file),False,2012-07-25,1,"ESDPA date listed as July 25, 2012; correct date is August 22, 2012 per LAPD press release, ABC News, and all coverage",ESDPA,,8,5,5,"{""government"": 1, ""news"": 4}",5,1,True,True,body_of_water,MISSING:body_of_water | ESDPA_DEVIATION,2
ESD-2012-08-30-1.md,ESD-2012-08-30-1,2012-08-30,2012,exact,ID,Bingham,Blackfoot,Irrigation canal,Irrigation canal approximately 3 miles NW of Blackfoot,False,fatal,3,0,0,3,3,3,3,other,fresh,False,True,False,False,high,VERIFIED,True,1,FI-2012-004 (project file),False,2012-08-22,1,"ESDPA date listed as August 22, 2012; correct date is August 30, 2012 per ESPN, Idaho State Journal, AP",ESDPA,,7,5,5,"{""news"": 5}",5,1,True,True,,ESDPA_DEVIATION,1
ESD-2012-09-27-1.md,ESD-2012-09-27-1,2012-09-27,2012,exact,TN,Franklin,Winchester,Tims Ford Lake,Private dock at family home,False,fatal,1,0,0,1,1,1,1,dock_wiring,fresh,False,True,True,False,high,VERIFIED,True,1,FI-2012-002 (project file),True,,0,,ESDPA,,5,5,5,"{""news"": 3, ""obituary"": 2}",5,1,True,True,,,0
ESD-2012-09-27-2.md,ESD-2012-09-27-2,2012-09-27,2012,exact,GA,Sumter,Americus,,"South Georgia Technical College, decorative fountain",False,fatal,1,0,0,1,1,1,1,other,fountain,False,True,False,False,high,VERIFIED,True,1,FI-2012-003 (project file),False,2012-08-30,2,"ESDPA date listed as August 30, 2012; WALB news report published September 27, 2012 describes incident as just occurring; ESDPA lists victim age as 19; confirmed age is 18 per multiple independent sources",ESDPA,,5,5,5,"{""news"": 5}",4,1,True,True,body_of_water,MISSING:body_of_water | ESDPA_DEVIATION,2
ESD-2013-05-20-1.md,ESD-2013-05-20-1,2013-05-20,2013,exact,KY,Grayson,Peter Cave,Rough River Lake,Dock near Peter Cave marina,False,fatal,1,0,0,1,1,1,1,shore_power,fresh,True,True,False,True,high,VERIFIED,True,1,FI-2012-001 (project file),False,2012-09-27,2,"ESDPA date listed as September 27, 2012; correct date is May 20, 2013 per obituary, news, and coroner; Date off by approximately 8 months and in the wrong year",ESDPA,,7,6,6,"{""news"": 4, ""obituary"": 2}",6,1,True,True,,ESDPA_DEVIATION,1
ESD-2013-05-27-1.md,ESD-2013-05-27-1,2013-05-27,2013,exact,GA,Hall,Gainesville,Lake Lanier,Private dock (Evelyn Morrison residence),False,near-miss,0,0,2,2,2,1,2,dock_wiring,fresh,False,True,True,False,high,CONFIRMED,True,0,,True,,2,ESDPA describes victim as 'a man and his 6-year-old daughter' — actually grandfather and granddaughter (Gary and Ava Muter); 'Shocked three or more times' detail cannot be verified from independent source,ESDPA,,1,1,1,"{""news"": 1}",1,1,True,True,,ESDPA_DEVIATION,1
ESD-2013-06-18-1.md,ESD-2013-06-18-1,2013-06-18,2013,exact,MO,Scott,Scott City,,Private residence — flooded basement,False,near-miss,0,0,1,1,0,0,1,other,fresh,False,True,False,False,high,UNVERIFIED,True,0,,True,,2,"No documented flood event in Scott City on June 18, 2013 — date or location may be inaccurate; Similar incident (woman shocked in flooded basement, 2013) found in St. Joseph County (different state)",ESDPA,,0,0,0,{},0,1,True,True,body_of_water,ESDPA_ONLY_NO_INDEP | NO_SOURCES_LIST | MISSING:body_of_water | ESDPA_DEVIATION,4
ESD-2013-06-30-1.md,ESD-2013-06-30-1,2013-06-30,2013,exact,KY,Pulaski,Burnside,Lake Cumberland,"Private dock, Garland Bend Road",False,fatal,1,0,1,1,1,1,1,extension_cord,fresh,True,True,True,False,high,VERIFIED,True,1,FI-2013-007 (project file),False,2013-05-20,1,"ESDPA date listed as May 20, 2013; correct date is June 30, 2013",ESDPA,LOA2; LOA8,8,2,2,"{""news"": 1, ""obituary"": 1}",2,2,True,True,,ESDPA_DEVIATION,1
ESD-2013-07-00-1.md,ESD-2013-07-00-1,2013-07,2013,month,NC,,Lake Norman,Lake Norman,Private dock,False,near-miss,0,0,1,1,0,0,1,dock_wiring,fresh,False,True,True,False,high,UNVERIFIED,True,0,,True,,0,,ESDPA,,0,0,0,{},0,1,True,True,,ESDPA_ONLY_NO_INDEP | NO_SOURCES_LIST,2
ESD-2013-07-04-1.md,ESD-2013-07-04-1,2013-07-04,2013,exact,MN,Sherburne,Orrock Township,Eagle Lake,"Private dock, 2300 block of 188th Street",False,fatal,1,1,0,2,1,2,2,charger,fresh,False,True,True,False,high,CONFIRMED,True,1,FI-2013-006 (project file),False,2013-06-30,1,"ESDPA date listed as June 30; correct date is July 4, 2013",ESDPA,,2,1,1,"{""news"": 1}",1,1,True,True,,ESDPA_DEVIATION,1
ESD-2013-07-11-1.md,ESD-2013-07-11-1,2013-07-11,2013,exact,MO,Camden,Lake of the Ozarks,Lake of the Ozarks,Dock near 35 Mile Marker,False,near-miss,0,0,8,1,0,0,1,dock_wiring,fresh,False,True,False,False,low,UNVERIFIED,True,0,,True,,0,,ESDPA,,0,0,0,{},0,1,True,True,,ESDPA_ONLY_NO_INDEP | NO_SOURCES_LIST,2
ESD-2013-07-16-1.md,ESD-2013-07-16-1,2013-07-16,2013,exact,NC,Davidson,Lexington,Brookside Swim Club pool,Brookside Swim Club,False,fatal,1,0,2,1,1,1,1,overhead_line,pool,False,True,False,False,high,VERIFIED,True,1,FI-2013-005 (project file),False,2013-07-04,1,"ESDPA date listed as July 4, 2013; correct date is July 16, 2013",ESDPA,LOA2,5,2,2,"{""news"": 1, ""obituary"": 1}",2,1,True,True,,ESDPA_DEVIATION,1
ESD-2013-07-19-1.md,ESD-2013-07-19-1,2013-07-19,2013,exact,NY,Onondaga,Syracuse,Inflatable pool (backyard),"Private residence, Second North Street",False,fatal,1,0,1,2,1,1,2,extension_cord,pool,False,True,False,False,high,VERIFIED,True,1,FI-2013-004 (project file),False,2013-07-17,1,"ESDPA date listed as July 17; correct date is July 19, 2013",ESDPA,LOA2,9,2,2,"{""news"": 1, ""obituary"": 1}",2,1,True,True,,ESDPA_DEVIATION,1
ESD-2013-07-24-1.md,ESD-2013-07-24-1,2013-07-24,2013,exact,GA,Gilmer,Ellijay,,Private residence (babysitting location),False,fatal,1,0,0,1,1,1,1,overhead_line,fresh,False,True,False,False,high,VERIFIED,True,1,FI-2013-003 (project file),False,2013-07-19,1,"ESDPA date listed as July 19; correct date is July 24, 2013",ESDPA,LOA2,5,2,2,"{""news"": 1, ""obituary"": 1}",2,1,True,True,body_of_water,MISSING:body_of_water | ESDPA_DEVIATION,2
ESD-2013-08-31-1.md,ESD-2013-08-31-1,2013-08-31,2013,exact,TX,Harris,Houston,Hotel swimming pool,"Hilton Houston Westchase, 9999 Westheimer Road",False,fatal,1,3,0,4,4,2,4,pool_pump,pool,False,True,False,False,high,VERIFIED,True,1,FI-2013-002 (project file),False,2013-07-25,2,"ESDPA date listed as July 25, 2013; correct date is August 31, 2013 (Labor Day weekend); Victim described as 'older man'; actually 27 years old",ESDPA,LOA1; LOA2; LOA11,9,2,2,"{""news"": 2}",2,2,True,True,,ESDPA_DEVIATION,1
ESD-2014-00-00-2.md,ESD-2014-00-00-2,2014,2014,year,PA,Philadelphia,Philadelphia,Public swimming pool,"O'Connor Pool, 26th and South Streets",False,non-fatal,0,3,0,3,0,0,0,pool_equipment,pool,False,True,False,False,high,CONFIRMED,False,0,,,,0,,LOA1,,2,2,2,"{""legal"": 1, ""news"": 1}",2,0,True,True,,,0
ESD-2014-04-13-1.md,ESD-2014-04-13-1,2014-04-13,2014,exact,FL,Miami-Dade,North Miami,Private swimming pool,"Private residence, 13005 Arch Creek Terrace",False,fatal,1,0,0,1,1,1,1,pool_pump,pool,False,True,False,False,high,VERIFIED,True,1,FI-2013-001 (project file),False,2013-09,2,"ESDPA date listed as Sep 2013; correct date is April 13, 2014; ESDPA location listed as North Miami Beach; correct is North Miami",ESDPA,LOA2,7,2,2,"{""news"": 2}",2,1,True,True,,ESDPA_DEVIATION,1
ESD-2014-04-27-1.md,ESD-2014-04-27-1,2014-04-27,2014,exact,FL,Miami-Dade,Hialeah,,"Palms West Condominiums pool, 1950 W. 56th St.",False,near-miss,0,3,1,4,2,3,4,pool_pump,pool,False,True,False,False,high,VERIFIED,True,0,,True,,1,"ESDPA states 'two adults were shocked' — sources confirm at least one adult rescuer was shocked, but exact count of adults uncertain",ESDPA,,7,7,7,"{""news"": 7}",5,1,True,True,body_of_water,MISSING:body_of_water | ESDPA_DEVIATION,2
ESD-2014-05-00-1.md,ESD-2014-05-00-1,2014-05,2014,month,FL,,,Apartment complex swimming pool,"Apartment complex pool, Florida",False,near-miss,0,3,2,5,0,1,5,pool_pump,pool,False,True,False,False,high,VERIFIED,False,0,,,,0,,LOA11,,2,2,2,"{""video"": 2}",2,1,True,True,,,0
ESD-2014-06-10-1.md,ESD-2014-06-10-1,2014-06-10,2014,exact,UT,Garfield,Bullfrog,Lake Powell,"Bullfrog Marina, Glen Canyon National Recreation Area",False,fatal,1,2,0,3,1,1,3,shore_power,fresh,False,True,False,True,high,VERIFIED,True,1,FI-2014-005 (project file),False,2014-04-23,1,"ESDPA date listed as April 23; correct date is June 10, 2014",ESDPA,LOA2,5,2,2,"{""news"": 1, ""obituary"": 1}",2,1,True,True,,ESDPA_DEVIATION,1
ESD-2014-07-04-1.md,ESD-2014-07-04-1,2014-07-04,2014,exact,MO,Camden,Lake of the Ozarks,Lake of the Ozarks,Cove near 7 Mile Marker,False,near-miss,0,0,3,1,0,0,1,dock_wiring,fresh,True,True,False,False,low,VERIFIED,True,0,,True,,1,"ESDPA describes source as 'abandoned boat ramp' — more precisely, it was an improperly decommissioned dock ramp with electrical service left connected",ESDPA,,3,3,3,"{""news"": 3}",2,1,True,True,,ESDPA_DEVIATION,1
ESD-2014-07-20-1.md,ESD-2014-07-20-1,2014-07-20,2014,exact,TX,Montgomery,Conroe,Lake Conroe,Piney Shores Resort (Silverleaf Resorts),False,fatal,1,0,0,1,1,1,1,dock_wiring,fresh,False,True,False,True,medium,VERIFIED,True,1,FI-2014-004 (project file),False,2014-06-10,1,"ESDPA date listed as June 10; correct date is July 20, 2014",ESDPA,LOA2,12,2,2,"{""news"": 2}",1,1,True,True,,ESDPA_DEVIATION,1
ESD-2014-08-02-1.md,ESD-2014-08-02-1,2014-08-02,2014,exact,WA,Pierce,Puyallup,Puyallup River,Near 96th Street Bridge,False,fatal,1,0,1,2,1,1,2,other,fresh,True,True,False,False,high,CONFIRMED,True,1,FI-2014-003 (project file),False,2014-07-20,1,"ESDPA date listed as July 20; correct date is August 2, 2014",ESDPA,LOA1; LOA2,5,2,2,"{""news"": 1, ""obituary"": 1}",2,2,True,True,,ESDPA_DEVIATION,1
ESD-2014-08-24-1.md,ESD-2014-08-24-1,2014-08-24,2014,exact,LA,Tensas,St. Joseph,Lake Bruin,Private boathouse,False,fatal,1,1,0,2,1,2,2,boat_lift,fresh,False,True,True,False,high,VERIFIED,True,1,FI-2014-002 (project file),False,2014-08-02,1,"ESDPA date listed as Aug 2; correct date is Aug 24, 2014",ESDPA,LOA2; LOA8,8,2,2,"{""news"": 1, ""obituary"": 1}",2,2,True,True,,ESDPA_DEVIATION,1
ESD-2015-00-00-1.md,ESD-2015-00-00-1,2015,2015,year,AL,Winston,,Smith Lake,,False,near-miss,0,1,0,1,1,0,1,dock_wiring,fresh,False,True,False,False,low,PROBABLE,False,0,,,,0,,LOA11,,1,1,1,"{""video"": 1}",1,1,True,True,facility_name,NOVEL_LOW_SOURCES | MISSING:facility_name,2
ESD-2015-06-21-1.md,ESD-2015-06-21-1,2015-06-21,2015,exact,MO,Camden,Lake of the Ozarks,Lake of the Ozarks,"Rental property dock, Woods Hollow Cove, 22.2 Mile Marker",False,fatal,1,1,0,2,2,1,2,dock_wiring,fresh,False,True,True,False,high,VERIFIED,True,1,FI-2014-001 (project file),False,2014-08-24,2,"ESDPA ESD section date is Aug 24, 2014; correct date is June 21, 2015; Near Miss section had correct date of June 21, 2015",ESDPA,LOA2; LOA6,4,2,2,"{""news"": 2}",2,3,True,True,,ESDPA_DEVIATION,1
ESD-2015-08-08-1.md,ESD-2015-08-08-1,2015-08-08,2015,exact,AL,Tuscaloosa,Northport,Lake Tuscaloosa,"Private dock, Laurel Drive",False,fatal,1,0,0,1,1,1,1,unknown,fresh,False,True,True,False,high,CONFIRMED,True,1,FI-2015-002 (project file),False,2015-06-21,1,"ESDPA date listed as June 21, 2015; correct date is August 8, 2015",ESDPA,LOA2,4,2,2,"{""news"": 1, ""obituary"": 1}",2,1,True,True,,ESDPA_DEVIATION,1
ESD-2015-08-25-1.md,ESD-2015-08-25-1,2015-08-25,2015,exact,ME,York,Kittery,Piscataqua River,Portsmouth Naval Shipyard marina,False,near-miss,0,1,0,1,1,0,1,shore_power,salt,False,True,False,False,high,CONFIRMED,True,0,,True,,1,"ESDPA lists location as 'Portsmouth NH' — shipyard is physically in Kittery, Maine (though named Portsmouth Naval Shipyard)",ESDPA,,3,3,3,"{""news"": 3}",3,1,True,True,,ESDPA_DEVIATION,1
ESD-2016-03-27-1.md,ESD-2016-03-27-1,2016-03-27,2016,exact,CA,Riverside,Palm Springs,Private swimming pool,"Private residence, 2300 block of Yosemite Drive",False,fatal,1,6,0,2,1,2,2,pool_pump,pool,False,True,False,False,high,VERIFIED,True,1,FI-2015-001 (project file),False,2015-08-08,3,"ESDPA date wrong: Aug 8, 2015; correct is March 27, 2016; ESDPA state wrong: listed as Florida; correct is California; Daughter survived (critical condition), not confirmed dead as ESDPA suggested",ESDPA,LOA2,5,2,2,"{""news"": 2}",2,1,True,True,,ESDPA_DEVIATION,1
ESD-2016-04-16-1.md,ESD-2016-04-16-1,2016-04-16,2016,exact,AL,Winston,Double Springs,Smith Lake,Johnson family lakehouse dock,False,fatal,1,1,2,4,4,1,4,dock_wiring,fresh,False,True,True,False,high,VERIFIED,True,1,FI-2016-007 (project file),False,2016-03-27,2,"ESDPA ESD section date listed as March 27; correct is April 16, 2016; Location spelled 'Princeville' in ESDPA; correct is 'Priceville'",ESDPA,LOA2,6,2,2,"{""news"": 2}",2,1,True,True,,ESDPA_DEVIATION,1
ESD-2016-05-28-1.md,ESD-2016-05-28-1,2016-05-28,2016,exact,NJ,Cape May,Wildwood Crest,Motel swimming pool,"Aztec Motel, 400 block of East Lavender Road",False,fatal,1,1,0,2,2,2,2,pool_pump,pool,False,True,False,False,high,VERIFIED,True,1,FI-2016-006 (project file),False,2016-04-16,3,"ESDPA date listed as April 16; correct date is May 28, 2016; ESDPA said 'pool drain suspected' — incorrect; cause was electrical short in light fixture; ESDPA said 'last known critical' — victim actually died",ESDPA,LOA2,5,2,2,"{""news"": 2}",2,1,True,True,,ESDPA_DEVIATION,1
ESD-2016-05-28-2.md,ESD-2016-05-28-2,2016-05-28,2016,exact,AZ,Maricopa,Phoenix,Private backyard swimming pool,"Private residence, near 43rd Avenue and Thomas Road",False,fatal,1,4,0,5,0,2,5,pool_pump,pool,False,True,False,False,high,CONFIRMED,False,0,,,,0,,LOA1,,2,2,2,"{""news"": 2}",2,0,True,True,,NO_VICTIM_NAMED,1
ESD-2016-05-29-1.md,ESD-2016-05-29-1,2016-05-29,2016,exact,PA,Cumberland,Silver Spring Township,Backyard pool,"Private residence, Rockledge Drive",False,fatal,1,7,0,1,0,1,1,pool_pump,pool,False,True,False,False,high,CONFIRMED,True,1,FI-2016-004 (project file),False,2016-06-27,2,"ESDPA ESD section date listed as June 27; correct date is May 29, 2016 (Memorial Day weekend); Final outcome unknown — last reported in critical condition",ESDPA,LOA2,4,2,2,"{""news"": 2}",2,1,True,True,,NO_VICTIM_NAMED | ESDPA_DEVIATION,2
ESD-2016-06-17-1.md,ESD-2016-06-17-1,2016-06-17,2016,exact,TN,Hamilton,Sale Creek,Chickamauga Lake,Private dock,False,fatal,2,0,0,2,2,2,2,unknown,fresh,False,True,True,False,high,SUSPECTED,True,0,,False,2016-05-29,4,"Listed as near-miss (NM-2016-001) but was actually a double fatality; ESDPA date listed as May 29 or July 3, 2016; actual date was June 17, 2016; ESDPA stated 'All survived' but both adults died; Location listed as 'a Tennessee Lake (exact location unknown)' — actually Chickamauga Lake, Sale Creek",LOA2,LOA8; LOA11,10,8,8,"{""news"": 4, ""obituary"": 4}",6,3,True,True,,ESDPA_DEVIATION,1
ESD-2016-06-27-1.md,ESD-2016-06-27-1,2016-06-27,2016,exact,AZ,Maricopa,Phoenix,Private swimming pool,"Private residence, near 43rd Avenue and Thomas Road",False,fatal,1,3,0,1,0,1,1,pool_pump,pool,False,True,False,False,high,CONFIRMED,True,1,FI-2016-005 (project file),False,2016-05-28,1,"ESDPA date listed as May 28; correct date is June 27, 2016",ESDPA,LOA2,4,1,1,"{""news"": 1}",1,1,True,True,,NO_VICTIM_NAMED | ESDPA_DEVIATION,2
ESD-2016-07-21-1.md,ESD-2016-07-21-1,2016-07-21,2016,exact,,,,,New dock construction site,False,fatal,1,0,0,1,0,1,1,boat_lift,fresh,False,True,False,False,high,CONFIRMED,False,0,,,,0,,LOA4,,1,1,1,"{""government"": 1}",1,1,True,True,"state, body_of_water","NOVEL_LOW_SOURCES | NO_VICTIM_NAMED | MISSING:state,body_of_water",3
ESD-2016-09-03-1.md,ESD-2016-09-03-1,2016-09-03,2016,exact,NC,Wake,Raleigh,Heritage Point community pool,"Heritage Point community pool, Valley Forge Road",False,fatal,1,1,0,2,1,1,2,pool_pump,pool,False,True,False,False,high,VERIFIED,True,1,FI-2016-003 (project file),False,2016-07-03,1,"ESDPA date listed as July 3; correct date is September 3, 2016 (Labor Day weekend)",ESDPA,LOA2; LOA3; LOA11,8,2,2,"{""legal"": 1, ""news"": 1}",2,2,True,True,,ESDPA_DEVIATION,1
ESD-2016-09-10-1.md,ESD-2016-09-10-1,2016-09-10,2016,exact,IN,St. Joseph,South Bend,Flooded basement,"Private residence, 17200 block of Madison Road",False,fatal,1,0,0,1,1,1,1,other,fresh,False,True,False,False,high,CONFIRMED,True,1,FI-2016-002 (project file),False,2016-09-03,2,"ESDPA date listed as Sep 3; correct incident date is Sep 10, 2016 (death Sep 12); ESDPA state listed as Iowa (IA); correct is Indiana (IN)",ESDPA,LOA2,6,2,2,"{""news"": 2}",2,1,True,True,,ESDPA_DEVIATION,1
ESD-2016-10-07-1.md,ESD-2016-10-07-1,2016-10-07,2016,exact,IL,St. Clair,Shiloh,,Construction site,False,near-miss,0,1,1,2,0,0,2,other,fresh,False,True,False,False,high,CONFIRMED,True,0,,True,,2,"ESDPA lists location as 'Shiloh MO' — correct location is Shiloh, Illinois (St. Clair County); ESDPA states 'second worker was shocked' — actually a rescuer attempting to move the victim",ESDPA,,1,1,1,"{""news"": 1}",1,1,True,True,body_of_water,MISSING:body_of_water | ESDPA_DEVIATION,2
ESD-2017-00-00-1.md,ESD-2017-00-00-1,2017,2017,year,MI,,,River (specific river withheld in CDC report),Marina on a river (name withheld by MIFACE to protect privacy),False,fatal,1,0,0,1,0,0,1,unknown,fresh,False,True,False,True,high,SUSPECTED,False,0,,,,0,,LOA2,,1,1,1,"{""government"": 1}",1,1,True,True,,NOVEL_LOW_SOURCES | NO_VICTIM_NAMED,2
ESD-2017-03-24-1.md,ESD-2017-03-24-1,2017-03-24,2017,exact,NJ,Monmouth,Monmouth Beach,Shrewsbury River,Marina dock (specific marina not identified),False,fatal,2,0,0,2,0,2,2,unknown,brackish,False,True,False,False,high,SUSPECTED,False,0,,,,0,,LOA2,,1,1,1,"{""legal"": 1}",1,1,True,True,,NOVEL_LOW_SOURCES | NO_VICTIM_NAMED,2
ESD-2017-03-29-1.md,ESD-2017-03-29-1,2017-03-29,2017,exact,TX,Tarrant,Fort Worth,,Oakland Lake Park,False,fatal,2,0,0,2,2,2,2,overhead_line,fresh,False,True,False,False,high,VERIFIED,True,1,FI-2016-001 (project file),False,2016-09-10,1,"ESDPA date wrong by ~18 months: listed as Sep 10, 2016; correct is March 29, 2017",ESDPA,LOA2,4,2,2,"{""news"": 2}",2,1,True,True,body_of_water,MISSING:body_of_water | ESDPA_DEVIATION,2
ESD-2017-04-14-1.md,ESD-2017-04-14-1,2017-04-14,2017,exact,AL,Tuscaloosa,Tuscaloosa,Lake Tuscaloosa,Darling family lakehouse dock,False,fatal,2,0,1,2,2,2,2,dock_wiring,fresh,False,True,True,False,high,VERIFIED,True,1,FI-2017-012 (project file),False,2017-03-29,1,"ESDPA date listed as March 29; correct is April 14, 2017",ESDPA,LOA2; LOA8; LOA11,10,2,2,"{""news"": 1, ""obituary"": 1}",2,2,True,True,,ESDPA_DEVIATION,1
ESD-2017-05-01-1.md,ESD-2017-05-01-1,2017-05-01,2017,exact,NY,Monroe,Rochester,,Private residence — basement with sump pump,False,near-miss,0,0,1,1,0,0,1,other,fresh,False,True,False,False,high,UNVERIFIED,True,0,,True,,0,,ESDPA,,0,0,0,{},0,1,True,True,body_of_water,ESDPA_ONLY_NO_INDEP | NO_SOURCES_LIST | MISSING:body_of_water,3
ESD-2017-05-06-1.md,ESD-2017-05-06-1,2017-05-06,2017,exact,QC,,Gatineau,,"De la Gappe Boulevard, Touraines neighbourhood — flooded street",False,near-miss,0,1,0,1,1,0,1,other,fresh,False,True,False,False,high,VERIFIED,True,0,,False,2017-05-08,3,"ESDPA date is May 8, 2017 — correct date is May 6, 2017; ESDPA location is 'Ottawa, Canada' — correct location is Gatineau, Quebec (a separate city in a different province); ESDPA describes cause as 'contacted a cord powering a submersible pump' — CBC reports describe him falling into electrified floodwater while building sandbag barrier",ESDPA,,3,3,3,"{""news"": 3}",2,1,True,True,body_of_water,MISSING:body_of_water | ESDPA_DEVIATION,2
ESD-2017-05-19-1.md,ESD-2017-05-19-1,2017-05-19,2017,exact,AL,Lauderdale,Florence,Private swimming pool,"Private residence, Augusta Street",False,fatal,2,1,0,3,3,2,3,pool_pump,pool,False,True,False,False,high,VERIFIED,True,1,FI-2017-011 (project file),False,2017-04-14,1,"ESDPA ESD section date April 14; correct is May 19, 2017",ESDPA,LOA2,5,2,2,"{""news"": 1, ""obituary"": 1}",2,1,True,True,,ESDPA_DEVIATION,1
ESD-2017-05-21-1.md,ESD-2017-05-21-1,2017-05-21,2017,exact,TX,Webb,Laredo,Flooded field/puddle,,False,fatal,1,0,0,1,1,1,1,overhead_line,fresh,False,True,False,False,high,CONFIRMED,True,1,FI-2017-010 (project file),False,2017-05-19,2,"ESDPA date listed as May 19; correct is May 21, 2017; ESDPA says two brothers killed; only ONE victim in Laredo (possibly conflated with Fort Worth Lopez brothers)",ESDPA,,3,2,2,"{""news"": 2}",2,1,True,True,facility_name,MISSING:facility_name | ESDPA_DEVIATION,2
ESD-2017-05-24-1.md,ESD-2017-05-24-1,2017-05,2017,month,LA,St. Tammany,Mandeville,Lake Pontchartrain,Private dock,False,fatal,1,0,0,1,0,1,1,unknown,fresh,False,True,True,False,high,UNVERIFIED,True,1,FI-2017-009 (project file),False,2017-05-24,2,"Date uncertain (May 22 vs May 24, 2017); No independent sources found to verify any details",ESDPA,,0,0,0,{},0,1,True,True,,ESDPA_ONLY_NO_INDEP | NO_SOURCES_LIST | NO_VICTIM_NAMED | ESDPA_DEVIATION,4
ESD-2017-06-16-1.md,ESD-2017-06-16-1,2017-06-16,2017,exact,OH,Ottawa,Put-in-Bay,Lake Erie,"Miller Marina, Bayview Avenue",False,fatal,1,1,1,2,2,1,2,shore_power,fresh,False,True,False,True,high,VERIFIED,True,1,FI-2017-008 (project file),False,2017-05-22,1,"ESDPA ESD section date May 22, 2017; NM section June 17; correct is June 16, 2017",ESDPA,LOA2,7,2,2,"{""news"": 2}",2,1,True,True,,ESDPA_DEVIATION,1
ESD-2017-06-17-1.md,ESD-2017-06-17-1,2017-06-17,2017,exact,NJ,Ocean,Toms River,Toms River lagoon (Shelter Cove),"Private residence, Tobago Avenue",False,fatal,1,0,1,1,1,1,1,boat_lift,fresh,False,True,True,False,medium,VERIFIED,True,1,FI-2017-007 (project file),True,,0,,ESDPA,LOA1; LOA2; LOA11,8,2,2,"{""news"": 2}",2,3,True,True,,,0
ESD-2017-06-21-1.md,ESD-2017-06-21-1,2017-06-21,2017,exact,MA,Dukes,Chilmark,Atlantic Ocean (Menemsha Harbor),"Crab Corner, Menemsha Beach / transient dock",False,near-miss,0,0,3,1,0,0,1,dock_wiring,salt,False,True,False,False,high,CONFIRMED,True,0,,False,2017-06-27,2,"ESDPA date is June 27, 2017 (the article publication date); actual incident date was June 21, 2017; ESDPA states cause was unknown — follow-up reporting identified suspected cause as faulty grounding on transient dock",ESDPA,,2,2,2,"{""news"": 2}",1,1,True,True,,ESDPA_DEVIATION,1
ESD-2017-06-23-1.md,ESD-2017-06-23-1,2017-06-23,2017,exact,,,"Akyazi, Sakarya Province, Turkey",Water park pool,"Water park, Akyazi",False,fatal,5,2,0,5,0,5,5,pool_pump,pool,False,True,False,False,high,VERIFIED,True,1,FI-2017-006 (project file),False,2017-06-18,2,"ESDPA date listed as June 18; most sources indicate June 23, 2017; ESDPA said 1 injured; actually 2 injured (from touching metal railings)",ESDPA,,6,2,2,"{""news"": 2}",2,1,True,True,state,NO_VICTIM_NAMED | MISSING:state | ESDPA_DEVIATION,3
ESD-2017-07-03-1.md,ESD-2017-07-03-1,2017-07-03,2017,exact,SC,Oconee,Lake Keowee,Lake Keowee,Private dock with boat lift,False,near-miss,0,0,1,1,0,0,1,boat_lift,fresh,False,True,True,False,high,UNVERIFIED,True,0,,True,,0,,ESDPA,,0,0,0,{},0,1,True,True,,ESDPA_ONLY_NO_INDEP | NO_SOURCES_LIST,2
ESD-2017-07-07-1.md,ESD-2017-07-07-1,2017-07-07,2017,exact,CA,Riverside,Canyon Lake,Canyon Lake,,False,near-miss,0,0,2,2,0,0,2,unknown,fresh,False,True,False,False,low,UNVERIFIED,True,0,,True,,1,"Possible location ambiguity — could be Canyon Lake, California or Canyon Lake, Texas",ESDPA,,0,0,0,{},0,1,True,True,facility_name,ESDPA_ONLY_NO_INDEP | NO_SOURCES_LIST | MISSING:facility_name | ESDPA_DEVIATION,4
ESD-2017-07-09-1.md,ESD-2017-07-09-1,2017-07-09,2017,exact,NM,Lea,Lovington,Bathtub,Private residence (father's home),False,fatal,1,0,0,1,1,1,1,extension_cord,pool,False,True,False,False,high,VERIFIED,True,1,FI-2017-005 (project file),False,2017-06-23,1,"ESDPA date listed as June 23; correct date is July 9, 2017",ESDPA,LOA2,5,2,2,"{""news"": 2}",2,1,True,True,,ESDPA_DEVIATION,1
ESD-2017-07-23-1.md,ESD-2017-07-23-1,2017-07-23,2017,exact,BC,,Spallumcheen,Creek on private property,"Private property, Spallumcheen (near Vernon/Enderby)",False,near-miss,0,1,0,1,1,1,1,other,fresh,False,True,False,False,high,VERIFIED,True,0,,False,2017-07-24,3,"ESDPA date is July 24, 2017 — correct date is July 23, 2017; ESDPA location is 'Kelowna, BC' — Kelowna was where victim was airlifted for treatment; incident occurred in Spallumcheen; ESDPA says 'pond pump' — correct source was an irrigation pump",ESDPA,,4,4,4,"{""news"": 4}",3,1,True,True,,ESDPA_DEVIATION,1
ESD-2017-08-05-1.md,ESD-2017-08-05-1,2017-08-05,2017,exact,TX,Marion,Avinger,Lake O' The Pines,Alley Creek alcove,False,fatal,3,0,0,3,3,3,3,overhead_line,fresh,True,True,False,False,high,VERIFIED,False,0,,,,0,,LOA1,LOA4,10,10,10,"{""government"": 1, ""legal"": 2, ""news"": 7}",9,2,True,True,,,0
ESD-2017-08-10-1.md,ESD-2017-08-10-1,2017-08-10,2017,exact,WA,Franklin,Pasco,Columbia River,"Old pump station, irrigation facility",False,fatal,1,2,0,1,1,1,1,other,fresh,False,True,False,False,high,VERIFIED,True,1,FI-2017-004 (project file),False,2017-07-12,1,"ESDPA date listed as July 12; correct date is August 10, 2017",ESDPA,LOA1; LOA2,4,2,2,"{""news"": 2}",2,2,True,True,,ESDPA_DEVIATION,1
ESD-2017-08-28-1.md,ESD-2017-08-28-1,2017-08-28,2017,exact,TX,Harris,Houston,Greens Bayou,"Greens Bayou near Interstate 10, east Houston",False,fatal,2,1,2,3,3,3,3,overhead_line,fresh,False,True,False,False,high,VERIFIED,True,1,FI-2017-002 (project file),False,2017-08-29,2,"ESDPA said 5 men; actually 7 (5 rescuers + 2 journalists); 2 additional men (Benjamin Vizueth, Gustavo Rodriguez-Hernandez) were missing/presumed dead",ESDPA,LOA2,5,2,2,"{""news"": 2}",2,1,True,True,,ESDPA_DEVIATION,1
ESD-2017-08-29-1.md,ESD-2017-08-29-1,2017-08-29,2017,exact,TX,Harris,Houston,Hurricane Harvey floodwater,Bear Creek subdivision,False,fatal,1,0,0,1,1,1,1,overhead_line,fresh,False,True,False,False,high,VERIFIED,True,1,FI-2017-003 (project file),False,2017-08-11,1,"ESDPA date listed as Aug 11, 2017 (before Hurricane Harvey); correct is Aug 29, 2017",ESDPA,LOA2,7,2,2,"{""news"": 2}",2,1,True,True,,ESDPA_DEVIATION,1
ESD-2018-05-14-1.md,ESD-2018-05-14-1,2018-05-14,2018,exact,MO,Taney,Branson,Lake Taneycomo,Private dock,False,near-miss,0,0,1,1,0,0,1,dock_wiring,fresh,False,True,True,False,high,UNVERIFIED,True,0,,True,,0,,ESDPA,,0,0,0,{},0,1,True,True,,ESDPA_ONLY_NO_INDEP | NO_SOURCES_LIST,2
ESD-2018-06-02-1.md,ESD-2018-06-02-1,2018-06-02,2018,exact,VA,Franklin,Smith Mountain Lake,Smith Mountain Lake,"Private dock, Gills Creek area",False,near-miss,0,1,0,1,0,1,1,boat_lift,fresh,False,True,True,False,high,VERIFIED,True,0,,False,2018-06-05,2,"ESDPA date is June 5, 2018 — correct date is June 2, 2018 (Saturday); ESDPA states 'Smith Mountain Lake GA' — Smith Mountain Lake is in VIRGINIA (Bedford/Franklin/Pittsylvania counties), NOT Georgia",ESDPA,,3,3,3,"{""news"": 3}",3,1,True,True,,ESDPA_DEVIATION,1
ESD-2018-06-11-1.md,ESD-2018-06-11-1,2018-06-11,2018,exact,MO,Camden,Camdenton,Lake of the Ozarks,Dock at Camelot Cove,False,near-miss,0,0,2,1,0,0,1,dock_wiring,fresh,False,True,True,False,high,CONFIRMED,True,0,,True,,0,,ESDPA,,1,1,1,"{""news"": 1}",1,1,True,True,,,0
ESD-2018-06-26-1.md,ESD-2018-06-26-1,2018-06-26,2018,exact,MD,Prince George's,Oxon Hill,MGM National Harbor decorative fountain (Potomac Plaza),"MGM National Harbor casino/resort, 101 MGM National Ave",False,non-fatal,0,5,0,5,2,3,5,fountain,fountain,True,True,False,False,high,VERIFIED,False,0,,,,0,,LOA1,,6,6,6,"{""legal"": 1, ""news"": 5}",6,0,True,True,,,0
ESD-2018-07-03-1.md,ESD-2018-07-03-1,2018-07-03,2018,exact,MO,Morgan,Rocky Mount,Lake of the Ozarks,"Private dock near J Road, 5 Mile Marker",False,near-miss,0,0,3,1,0,0,1,dock_wiring,fresh,True,True,True,False,high,CONFIRMED,True,0,,True,,0,,ESDPA,,1,1,1,"{""news"": 1}",1,1,True,True,,,0
ESD-2018-07-04-1.md,ESD-2018-07-04-1,2018-07-04,2018,exact,OH,Mahoning,Canfield,,Colucci family private pool,False,near-miss,0,0,2,2,1,0,2,pool_pump,pool,False,True,False,False,high,CONFIRMED,True,0,,True,,1,ESDPA states 'faulty pool wiring' — source identifies broader 'stray voltage' which could be from underground wires or pool equipment,ESDPA,,1,1,1,"{""news"": 1}",1,1,True,True,body_of_water,MISSING:body_of_water | ESDPA_DEVIATION,2
ESD-2018-09-30-1.md,ESD-2018-09-30-1,2018-09-30,2018,exact,OK,Oklahoma,Oklahoma City,Bricktown Canal,"Bricktown Canal, bollard light area",False,fatal,1,1,0,2,2,1,2,other,fresh,False,True,False,False,high,VERIFIED,True,1,FI-2017-001 (project file),False,2017-09-01,1,"ESDPA date wrong by 394 days: listed as Sep 1, 2017; correct is Sep 30, 2018",ESDPA,LOA2,6,2,2,"{""news"": 2}",1,1,True,True,,ESDPA_DEVIATION,1
ESD-2018-11-04-1.md,ESD-2018-11-04-1,2018-11-04,2018,exact,NH,Belknap,Laconia,Lake Winnipesaukee (Paugus Bay),Dock area at end of Appleton Street,False,near-miss,0,0,1,1,0,0,1,dock_wiring,fresh,False,True,False,False,low,VERIFIED,True,0,,False,2018-11-06,1,"ESDPA date is November 6, 2018 (newspaper publication date); actual incident date was November 4, 2018 (Sunday)",ESDPA,,4,4,4,"{""news"": 4}",4,1,True,True,,ESDPA_DEVIATION,1
ESD-2019-04-01-1.md,ESD-2019-04-01-1,2019-04-01,2019,exact,CA,Solano,Dixon,Weyland Canal (Solano Irrigation District),"Metal pedestrian bridge over Weyland Canal, Dixon Avenue West",False,fatal,2,1,0,3,3,2,3,other,fresh,False,True,False,False,high,VERIFIED,True,1,FI-2018-001 (project file),False,2018-09-30,1,"ESDPA date wrong by 6 months AND wrong year: listed Sep 30, 2018; correct is April 1, 2019",ESDPA,LOA2,8,2,2,"{""news"": 2}",2,1,True,True,,ESDPA_DEVIATION,1
ESD-2019-06-02-1.md,ESD-2019-06-02-1,2019-06-02,2019,exact,FL,Orange,Orlando,,Universal Studios Volcano Bay water park,False,near-miss,0,5,10,3,2,2,3,other,pool,False,True,False,False,high,VERIFIED,True,0,,True,,2,"ESDPA states cause was 'water coaster short circuit' — OSHA investigation found it was a construction defect (grounding rod through conduit), not a short circuit in a water coaster; ESDPA states 'No injuries were found after examination' — multiple workers were hospitalized and at least one guest filed a lawsuit claiming injury",ESDPA,,5,5,5,"{""news"": 5}",4,1,True,True,body_of_water,MISSING:body_of_water | ESDPA_DEVIATION,2
ESD-2019-06-27-1.md,ESD-2019-06-27-1,2019-06-27,2019,exact,TX,El Paso,El Paso,Apartment complex swimming pool,"Hallmark Apartments, 1620 Mescalero Drive",False,fatal,1,2,0,3,1,1,3,pool_pump,pool,False,True,False,False,high,CONFIRMED,False,0,,,,0,,LOA1,,4,4,4,"{""news"": 4}",4,0,True,True,,,0
ESD-2019-07-14-1.md,ESD-2019-07-14-1,2019-07-14,2019,exact,CA,Sacramento,Citrus Heights,Private swimming pool,"Private residence (father's home), late 1950s construction",False,fatal,1,0,4,1,1,1,1,pool_pump,pool,False,True,False,False,high,VERIFIED,True,1,FI-2019-003 (project file),False,2019-04-02,1,"ESDPA date listed as April 2; correct is July 14, 2019",ESDPA,,7,2,2,"{""news"": 2}",2,1,True,True,,ESDPA_DEVIATION,1
ESD-2019-09-19-1.md,ESD-2019-09-19-1,2019-09-19,2019,exact,TX,Jefferson,Fannett,Tropical Storm Imelda floodwater,,False,fatal,1,0,0,1,1,1,1,unknown,fresh,False,True,False,False,high,CONFIRMED,True,1,FI-2019-002 (project file),False,2019-07-19,1,"ESDPA date listed as July 19; correct is September 19, 2019",ESDPA,,6,2,2,"{""news"": 1, ""obituary"": 1}",2,1,True,True,facility_name,MISSING:facility_name | ESDPA_DEVIATION,2
ESD-2020-05-11-1.md,ESD-2020-05-11-1,2020-05-11,2020,exact,AL,,Lewis Smith Lake,Lewis Smith Lake,Private dock (non-electrified; stray voltage from neighbor's dock),False,near-miss,0,0,1,1,1,0,1,dock_wiring,fresh,False,True,True,False,high,CONFIRMED,True,0,,True,,0,,ESDPA,,2,2,2,"{""news"": 2}",2,1,True,True,,,0
ESD-2020-07-12-1.md,ESD-2020-07-12-1,2020-07-12,2020,exact,AZ,Maricopa,Peoria,Lake Pleasant,Scorpion Bay Marina,False,fatal,2,1,0,3,2,2,3,shore_power,fresh,False,True,False,True,high,VERIFIED,True,1,FI-2019-001 (project file),False,2019-09-19,1,"ESDPA date wrong: listed Sep 19, 2019; correct is July 12, 2020 (wrong month AND wrong year)",ESDPA,LOA1; LOA2; LOA6,6,2,2,"{""news"": 2}",2,5,True,True,,ESDPA_DEVIATION,1
ESD-2020-08-29-1.md,ESD-2020-08-29-1,2020-08-29,2020,exact,TX,Harris,Houston,Hotel swimming pool,"North Villa Inn, 16510 North Freeway",False,fatal,1,0,0,1,1,1,1,pool_pump,pool,False,True,False,False,high,VERIFIED,True,1,FI-2020-003 (project file),False,2020-07-12,1,"ESDPA date listed as July 12; correct is August 29, 2020",ESDPA,LOA1; LOA11,7,2,2,"{""news"": 2}",2,3,True,True,,ESDPA_DEVIATION,1
ESD-2020-11-11-1.md,ESD-2020-11-11-1,2020-11-11,2020,exact,FL,Manatee,Bradenton Beach,Flooded laundry room,"211 Bay Drive N., Bradenton Beach",False,fatal,1,1,0,1,1,1,1,other,fresh,False,True,False,False,high,VERIFIED,True,1,FI-2020-002 (project file),False,2020-08-30,1,ESDPA date Aug 30 is meteorologically impossible — TS Eta hit Florida in November 2020,ESDPA,,7,2,2,"{""news"": 2}",2,1,True,True,,ESDPA_DEVIATION,1
ESD-2021-06-02-1.md,ESD-2021-06-02-1,2021-06-02,2021,exact,TX,Callahan,Clyde,Clyde Lake (Lake Clyde),Clyde Lake,False,fatal,1,0,0,1,1,1,1,overhead_line,fresh,False,True,False,False,high,VERIFIED,True,1,FI-2020-001 (project file),False,2020-11-04,1,"ESDPA date wrong: Nov 4, 2020; correct is June 2-3, 2021 (wrong month, day, AND year)",ESDPA,LOA1; LOA4,6,2,2,"{""news"": 1, ""obituary"": 1}",2,3,True,True,,ESDPA_DEVIATION,1
ESD-2021-06-04-1.md,ESD-2021-06-04-1,2021-06-04,2021,exact,TX,Hidalgo,Mission,Flooded street/puddle,"3700 block of North Palm Leaf Circle, La Homa",False,fatal,1,0,0,1,1,1,1,extension_cord,fresh,False,True,False,False,high,CONFIRMED,True,1,FI-2021-003 (project file),False,2021-06-03,1,"ESDPA date off by 1 day: listed June 3; correct is June 4, 2021",ESDPA,,5,2,2,"{""news"": 2}",1,1,True,True,,ESDPA_DEVIATION,1
ESD-2021-07-04-1.md,ESD-2021-07-04-1,2021-07-04,2021,exact,PA,Washington,New Eagle,Monongahela River,Beach Club Marina,False,fatal,1,1,2,1,1,1,1,unknown,fresh,False,True,False,True,high,VERIFIED,True,1,FI-2021-002 (project file),False,2021-06-04,1,"ESDPA date listed as June 4; correct is July 4, 2021 (exactly 1 month off)",ESDPA,LOA6; LOA11,7,2,2,"{""news"": 2}",2,2,True,True,,ESDPA_DEVIATION,1
ESD-2022-00-00-1.md,ESD-2022-00-00-1,2022,2022,year,FL,Palm Beach,Palm Beach Gardens,Downtown Palm Beach Gardens splash pad,Downtown Palm Beach Gardens splash pad,False,non-fatal,0,1,0,1,1,1,1,unknown,fresh,False,True,False,False,high,CONFIRMED,False,0,,,,0,,LOA1,,2,2,2,"{""legal"": 1, ""news"": 1}",2,0,True,True,,,0
ESD-2022-04-22-1.md,ESD-2022-04-22-1,2022-04-22,2022,exact,KY,Oldham,Prospect,Ohio River,"Prospect Yacht Club / Drift Bar, 1900 Victory Lane",False,fatal,1,0,0,1,1,1,1,dock_wiring,fresh,True,True,False,True,high,VERIFIED,True,1,FI-2021-001 (project file),False,2021-07-04,1,"ESDPA date wrong by ~10 months: listed July 4, 2021; correct is April 22, 2022",ESDPA,LOA2,10,3,3,"{""news"": 2, ""obituary"": 1}",2,1,True,True,,ESDPA_DEVIATION,1
ESD-2022-08-03-1.md,ESD-2022-08-03-1,2022-08-03,2022,exact,,,,,Marina (location not published in OSHA summary),False,fatal,1,0,0,1,0,0,1,overhead_line,,False,True,False,False,high,CONFIRMED,False,0,,,,0,,LOA4,,1,1,1,"{""government"": 1}",1,1,True,True,"state, body_of_water","NOVEL_LOW_SOURCES | NO_VICTIM_NAMED | MISSING:state,body_of_water",3
ESD-2022-08-16-1.md,ESD-2022-08-16-1,2023-02-07,2023,exact,MI,Wayne,Detroit,Flooded apartment basement,"Russell Woods Apartments, 11500 block of LaSalle Street",False,fatal,1,0,0,1,1,1,1,other,fresh,False,True,False,False,high,VERIFIED,True,1,FI-2022-001 (project file),False,2022-08-16,3,"PROBABLE PHANTOM DUPLICATE of FI-2023-001; ESDPA date Aug 16, 2022 has no supporting evidence — identical description to Feb 7, 2023 incident; No news coverage exists for a basement electrocution in Detroit in Aug 2022",ESDPA,,5,3,3,"{""news"": 2, ""obituary"": 1}",3,2,True,True,,ESDPA_DEVIATION,1
ESD-2023-02-07-1.md,ESD-2023-02-07-1,2023-02-07,2023,exact,MI,Wayne,Detroit,Flooded apartment basement,"Russell Woods Apartments, 11500 block of LaSalle Street at Webb",False,fatal,1,0,0,1,1,1,1,other,fresh,False,True,False,False,high,VERIFIED,True,1,FI-2023-001 (project file),True,,2,ESDPA says 'flooded home basement'; actually an apartment complex (Russell Woods Apartments); FI-2022-001 appears to be a phantom duplicate of this entry,ESDPA,,5,3,3,"{""news"": 2, ""obituary"": 1}",3,2,True,True,,ESDPA_DEVIATION,1
ESD-2023-07-09-1.md,ESD-2023-07-09-1,2023-07-09,2023,exact,NY,Westchester,New Rochelle,Long Island Sound,"Wright Island Marina (Drake Ave. Marina, Inc.)",False,fatal,1,1,0,2,2,1,2,dock_wiring,salt,False,True,False,False,high,VERIFIED,False,0,,,,1,"ESDPA website news section references this incident (July 9, 2023: '2 shocked after boat ramp at New Rochelle marina becomes electrified') but it is NOT in the ESDPA incident list",LOA1,,5,4,4,"{""news"": 3, ""video"": 1}",4,1,True,True,,ESDPA_DEVIATION,1
ESD-2023-07-17-1.md,ESD-2023-07-17-1,2023-07-17,2023,exact,SC,Anderson,Anderson,Lake Hartwell,"Private dock, Mid Lake Heights Drive",False,fatal,1,0,0,1,1,1,1,dock_wiring,fresh,False,True,True,False,high,PROBABLE,False,0,,,,0,,LOA1,,3,3,3,"{""news"": 3}",2,1,True,True,,,0
ESD-2023-07-27-1.md,ESD-2023-07-27-1,2023-07-27,2023,exact,GA,Forsyth,Lake Lanier,Lake Lanier,"Private dock near Dove Trail, Lanier Beach South Road area",False,fatal,1,1,0,2,1,1,2,dock_wiring,fresh,False,True,True,False,high,VERIFIED,False,0,,,,0,,LOA1,LOA4; LOA11,7,4,4,"{""news"": 1, ""video"": 3}",4,3,True,True,,,0
ESD-2023-10-22-1.md,ESD-2023-10-22-1,2023-10-22,2023,exact,FL,Palm Beach,Jupiter,Harbourside Place fountain,"Harbourside Place outdoor shopping center fountain, 149 Soundings Ave",False,fatal,1,7,0,4,1,1,4,fountain,fountain,False,True,False,False,high,VERIFIED,True,0,,,,0,,LOA3,LOA4; LOA1,10,10,8,"{""legal"": 1, ""news"": 7, ""other"": 1, ""trade"": 1}",8,1,True,True,,,0
ESD-2024-05-00-1.md,ESD-2024-05-00-1,2024-05,2024,month,MN,St. Louis,Duluth,Outside whirlpool/spa area,Edgewater Resort & Waterpark,False,non-fatal,0,2,0,2,1,0,2,other,pool,False,True,False,False,high,CONFIRMED,False,0,,,,0,,LOA1,,2,2,2,"{""news"": 2}",2,0,True,True,,,0
ESD-2024-07-04-1.md,ESD-2024-07-04-1,2024-07-04,2024,exact,VA,Bedford,Huddleston,Smith Mountain Lake,"Private dock, Lee Drive, Craddock Creek area",False,fatal,1,2,0,3,1,1,3,boat_lift,fresh,True,True,True,False,high,VERIFIED,True,1,FI-2024-001 (project file),True,,0,,ESDPA,,26,4,4,"{""news"": 3, ""obituary"": 1}",4,1,True,True,,,0
ESD-2024-08-25-1.md,ESD-2024-08-25-1,2024-08-25,2024,exact,IN,Cass,Logansport,Backyard swimming pool,"Private residence, 2600 block of High Street",False,non-fatal,0,5,0,5,0,1,3,pool_equipment,fresh,False,True,False,False,high,VERIFIED,True,0,,,,0,,LOA1,,8,8,6,"{""legal"": 1, ""news"": 5, ""trade"": 2}",8,0,True,True,,,0
ESD-2025-05-26-1.md,ESD-2025-05-26-1,2025-05-26,2025,exact,GA,Bulloch,Statesboro,"Wave pool (19,500 sq ft, opened 2017)","Splash in the Boro Waterpark, Mill Creek Regional Park",False,near-miss,0,0,5,5,0,0,0,pool_equipment,fresh,False,True,False,False,high,CONFIRMED,False,0,,,,0,,LOA1,,7,7,7,"{""news"": 7}",7,0,True,True,,,0
ESD-2025-06-21-1.md,ESD-2025-06-21-1,2025-06-21,2025,exact,GA,Fannin,Blue Ridge,Blue Ridge Lake,Private dock,False,fatal,1,3,0,4,0,1,4,dock_wiring,fresh,False,True,True,False,high,CONFIRMED,True,1,FI-2025-002 (project file),True,,0,,ESDPA,LOA4,2,1,1,"{""news"": 1}",1,2,True,True,,NO_VICTIM_NAMED,1
ESD-2025-07-10-1.md,ESD-2025-07-10-1,2025-07-10,2025,exact,IN,Porter,Portage,Burns Waterway,"Marina Shores at Dune Harbor, D dock",False,fatal,1,1,0,2,2,2,2,shore_power,fresh,False,True,False,True,high,VERIFIED,True,1,FI-2025-001 (project file),False,2025-07-11,1,"ESDPA date listed as July 11; correct is July 10, 2025 (Thursday). July 11 was the publication date.",ESDPA,,16,3,3,"{""legal"": 1, ""news"": 2}",3,1,True,True,,ESDPA_DEVIATION,1
