file,incident_id,date,year,state,body_of_water,facility_name,victims_named,fatality_count,incident_type,verification_level,esdpa_listed,esdpa_entry_numbers,independent_source_count,sources_total,primary_source_count,discovery_source,notes,weakness_reasons,sources_preview,tier,suggested_action,effort
ESD-0000-00-00-1.md,ESD-0000-00-00-1,1986-06-08,1986,WI,St. Croix River,Unknown — near swim platform,,1,fatal,UNVERIFIED,True,"FI-XXXX-002 (project file, no date in ESDPA)",0,0,0,ESDPA,"A 44-year-old man reportedly disappeared while approaching a swim platform on the St. Croix River in Prescott, Wisconsin. A battery charger had faulted and no AC grounding wire was present. The AuGres Maritime Museum compilation suggests a date of June 8, 1986, but no independent primary sources (ne",ESDPA_ONLY_NO_INDEP | FATAL_ANONYMOUS | EMPTY_SOURCES_LIST,,"B: ESDPA-only, old","Check obituary archives, local newspaper morgues",hard
ESD-0000-00-00-2.md,ESD-0000-00-00-2,None,,OK,Community swimming pool,City recreational center pool,,1,fatal,UNVERIFIED,True,"FI-XXXX-003 (project file, no date in ESDPA)",1,1,1,ESDPA,"A 10-year-old boy (referred to as 'Brian' in EC&M article) was electrocuted at a city recreational center pool while buying candy from a vending machine. A damaged power cord from an adjacent soda machine, pinched under the candy machine leg, energized the candy machine cabinet. The broken ground pi",FATAL_ANONYMOUS,news:EC&M Magazine,D: Fatal + anonymous,Obituary / coroner search for victim name,medium
ESD-0000-00-00-3.md,ESD-0000-00-00-3,None,,TX,Lake Travis,None,,2,fatal,SUSPECTED,False,,1,0,0,LOA1,"Two juvenile females jumped into the water off a dock at Lake Travis, Texas, and were electrocuted. Witnesses described them as having 'eyes wide open, mouth wide open, very stiff and unable to talk' before going limp and rolling over. A detective's report noted involvement of a second juvenile witn",NOVEL_LOW_INDEP | FATAL_ANONYMOUS,,A: Novel + thin,"Find second independent source, or mark SUSPECTED",medium
ESD-1981-07-00-1.md,ESD-1981-07-00-1,1981-07,1981,CT,Connecticut River,None,,0,near-miss,UNVERIFIED,True,,0,0,0,ESDPA,"Diver checking zincs in the Connecticut River at Essex, CT felt strong electric pulses in brackish water. Backed away. Pulses stopped after securing boat power.",ESDPA_ONLY_NO_INDEP | EMPTY_SOURCES_LIST,,"B: ESDPA-only, old","Check obituary archives, local newspaper morgues",hard
ESD-1982-00-00-1.md,ESD-1982-00-00-1,1982,1982,WI,Green Bay,None,,0,near-miss,UNVERIFIED,True,,0,0,0,ESDPA,"A 23-year-old woman grabbed a dock cleat to exit the water at Egg Harbor, WI and couldn't let go (tetanic muscle contraction). Her hand went numb. A passerby kicked her hand free. No injuries. An open neutral was found as the cause.",ESDPA_ONLY_NO_INDEP | EMPTY_SOURCES_LIST,,"B: ESDPA-only, old","Check obituary archives, local newspaper morgues",hard
ESD-1982-12-00-1.md,ESD-1982-12-00-1,1982-12,1982,TX,Lake O' The Pines,Near Johnson Creek,G. Brockett Irwin,1,fatal,SUSPECTED,False,,1,1,1,LOA1,Attorney G. Brockett Irwin was electrocuted when his sailboat mast struck an overhead power line crossing Lake O' The Pines near Johnson Creek in East Texas. Three other occupants survived. Brother Tom Irwin is quoted in a 2017 article about the Boy Scout incident at the same lake. After this incide,NOVEL_LOW_INDEP,news:JR Law Firm,A: Novel + thin,"Find second independent source, or mark SUSPECTED",medium
ESD-1986-07-29-1.md,ESD-1986-07-29-1,1986-07-29,1986,MI,Lake St. Clair,Grosse Pointe Yacht Club,,1,fatal,UNVERIFIED,True,#113A (Rev. 8/15/2025),0,0,0,ESDPA,"Diver drowned at Grosse Pointe Yacht Club on Lake St. Clair, Michigan. No victim name, age, or gender identified. Information relayed third-hand per ESDPA list. Paired with a same-date diver drowning at Petoskey, MI (FI-1986-002); the two may represent a single confused report.",ESDPA_ONLY_NO_INDEP | FATAL_ANONYMOUS | EMPTY_SOURCES_LIST,,"B: ESDPA-only, old","Check obituary archives, local newspaper morgues",hard
ESD-1986-07-29-2.md,ESD-1986-07-29-2,1986-07-29,1986,MI,Little Traverse Bay (Lake Michigan),None,,1,fatal,UNVERIFIED,True,#113B (Rev. 8/15/2025),0,0,0,ESDPA,"Diver drowned at Petoskey, Michigan, on Little Traverse Bay (Lake Michigan). No victim name, age, or gender identified. Information relayed third-hand per ESDPA list. Paired with a same-date diver drowning at Grosse Pointe Yacht Club, MI (FI-1986-001); the two may represent a single confused report.",ESDPA_ONLY_NO_INDEP | FATAL_ANONYMOUS | EMPTY_SOURCES_LIST,,"B: ESDPA-only, old","Check obituary archives, local newspaper morgues",hard
ESD-1987-00-00-1.md,ESD-1987-00-00-1,1987,1987,MI,Lake Macatawa,Bay Haven Marina,,1,fatal,UNVERIFIED,True,#112 (Rev. 8/15/2025),0,0,0,ESDPA,An 18-year-old boy fell off a dock at Bay Haven Marina on Lake Macatawa and drowned. Two would-be rescuers experienced severe electric shock upon entering the water and were unable to complete rescue attempts. The year is uncertain (1987 or 1988).,ESDPA_ONLY_NO_INDEP | FATAL_ANONYMOUS | EMPTY_SOURCES_LIST,,"B: ESDPA-only, old","Check obituary archives, local newspaper morgues",hard
ESD-1988-04-23-1.md,ESD-1988-04-23-1,1988-04-23,1988,OK,None,None,,1,fatal,UNVERIFIED,True,#110 (Rev. 8/15/2025),0,0,0,ESDPA,"Single drowning fatality in Oklahoma from a fault in a submersible pump, freshwater environment. No victim name, age, or specific location identified. The CDC MMWR documented five similar deaths at northeastern Oklahoma lakes (1989-1993) with 96% of docks violating NEC; this 1988 incident likely occ",ESDPA_ONLY_NO_INDEP | FATAL_ANONYMOUS | EMPTY_SOURCES_LIST,,"B: ESDPA-only, old","Check obituary archives, local newspaper morgues",hard
ESD-1989-06-01-1.md,ESD-1989-06-01-1,1989-06-01,1989,OK,Lake B (southern Oklahoma — lake name anonymized by CDC),None,,1,fatal,CONFIRMED,False,,1,1,1,LOA4,"A 36-year-old male was electrocuted at a lake in southern Oklahoma on June 1, 1989. He was working on a houseboat docked at the lake when his elbow contacted broken-lamp wiring connected to a 110-volt dock power line during a fuel pump installation. CDC MMWR Case 2 (Lake B, southern Oklahoma). Part ",NOVEL_LOW_INDEP | FATAL_ANONYMOUS,government:CDC MMWR (Morbidity and Mortality Weekly Report),A: Novel + thin,"Find second independent source, or mark SUSPECTED",medium
ESD-1989-12-08-1.md,ESD-1989-12-08-1,1989-12-08,1989,OK,Lake A (northeastern Oklahoma; likely Grand Lake O' the Cherokees),None,,1,fatal,CONFIRMED,True,#109 (Rev. 8/15/2025),1,1,1,ESDPA,"A 32-year-old male was rewiring a submerged water pump at 'Lake A' (two adjoining lakes in northeastern Oklahoma, likely Grand Lake O' the Cherokees) and stringing electrical wire to a relay station. Co-workers found blood on rocks along the shoreline. A lake patrol diver found the victim under 25 f",FATAL_ANONYMOUS,government:CDC MMWR (Morbidity and Mortality Weekly Report),D: Fatal + anonymous,Obituary / coroner search for victim name,medium
ESD-1991-07-00-1.md,ESD-1991-07-00-1,1991-07,1991,AR,Lake Hamilton,None,,1,fatal,CONFIRMED,True,#108 (Rev. 8/15/2025),1,1,1,ESDPA,"One of four boys in a canoe continued into an electric field near a dock and drowned at Lake Hamilton, Hot Springs, Arkansas. The cause was broken dock wire insulation. Lake Hamilton has been the site of at least three ESD fatalities (1991, 2001, 2008). The pattern of deaths contributed to the passa",FATAL_ANONYMOUS,news:KATV (Arkansas),D: Fatal + anonymous,Obituary / coroner search for victim name,medium
ESD-1991-07-24-1.md,ESD-1991-07-24-1,1991-07-24,1991,OK,Lake A (northeastern Oklahoma; likely Grand Lake O' the Cherokees),None,,1,fatal,CONFIRMED,True,#107 (Rev. 8/15/2025),1,1,1,ESDPA,"A 50-year-old man was found lying unconscious on a boat dock at a northeastern Oklahoma lake, wearing wet socks and shoes. His son received an electrical shock while attempting to revive him. An electrical short was detected in the dock wiring. The medical examiner ruled the cause of death as electr",FATAL_ANONYMOUS,government:CDC MMWR (Morbidity and Mortality Weekly Report),D: Fatal + anonymous,Obituary / coroner search for victim name,medium
ESD-1993-07-00-1.md,ESD-1993-07-00-1,1993-07,1993,NY,St. Lawrence River (Thousand Islands),None,,2,fatal,UNVERIFIED,True,#106 (Rev. 8/15/2025),0,0,0,ESDPA,"Two teenage girls snorkeling near a dock at Alexandria Bay, New York (Thousand Islands region, St. Lawrence River) were paralyzed by electric shock and drowned. The dock wiring had been gnawed by rodents, creating the electrical fault. Secondary sources indicate two bystanders who entered the water ",ESDPA_ONLY_NO_INDEP | FATAL_ANONYMOUS | EMPTY_SOURCES_LIST,,"B: ESDPA-only, old","Check obituary archives, local newspaper morgues",hard
ESD-1993-07-27-1.md,ESD-1993-07-27-1,1993-07-27,1993,OK,Lake A (northeastern Oklahoma — lake name anonymized by CDC; likely Grand Lake O' the Cherokees),None,,1,fatal,CONFIRMED,False,,1,1,1,LOA4,"A 13-year-old boy jumped from a dock into a northeastern Oklahoma lake while dock lights were illuminated. He immediately surfaced screaming, then submerged and drowned. An electrical short in the dock wiring was transmitting current into the water. This is a textbook ESD mechanism: AC current paral",NOVEL_LOW_INDEP | FATAL_ANONYMOUS,government:CDC MMWR (Morbidity and Mortality Weekly Report),A: Novel + thin,"Find second independent source, or mark SUSPECTED",medium
ESD-1993-09-00-1.md,ESD-1993-09-00-1,1993-09,1993,TX,None,None,,1,fatal,UNVERIFIED,True,#104 (Rev. 8/15/2025),0,0,0,ESDPA,"Single drowning fatality in Texas from a fault in a boatlift, salt water environment. No victim name, age, gender, or specific location identified. ESD in salt water is scientifically unusual because salt water's high conductivity typically diverts current around rather than through a swimmer. The c",ESDPA_ONLY_NO_INDEP | FATAL_ANONYMOUS | EMPTY_SOURCES_LIST,,"B: ESDPA-only, old","Check obituary archives, local newspaper morgues",hard
ESD-1993-09-05-1.md,ESD-1993-09-05-1,1993-09-05,1993,OK,Lake A (northeastern Oklahoma; likely Grand Lake O' the Cherokees),None,,1,fatal,CONFIRMED,True,#105 (Rev. 8/15/2025),1,1,1,ESDPA,"A 46-year-old male scuba diver was electrocuted after contacting a submersible water pump at 'Lake A' in northeastern Oklahoma. A witness reported seeing 'a blue softball-size ball of flame emitting from a pipe' containing power cables near the pump, indicating dramatic exposed and energized wiring.",FATAL_ANONYMOUS,government:CDC MMWR (Morbidity and Mortality Weekly Report),D: Fatal + anonymous,Obituary / coroner search for victim name,medium
ESD-1994-00-00-1.md,ESD-1994-00-00-1,1994,1994,DC,Potomac River,Bolling Air Force Base (now Joint Base Anacostia-Bolling),,1,fatal,UNVERIFIED,True,#103 (Rev. 8/15/2025),0,0,0,ESDPA,"A young boy reached from the water and grabbed the support structure of an electrical junction box at Bolling Air Force Base, Washington, DC, and was electrocuted. Bare energized wires were found touching the metal case inside the junction box, and the ground wire had been intentionally or negligent",ESDPA_ONLY_NO_INDEP | FATAL_ANONYMOUS | EMPTY_SOURCES_LIST,,"B: ESDPA-only, old","Check obituary archives, local newspaper morgues",hard
ESD-1994-00-00-2.md,ESD-1994-00-00-2,1994,1994,TX,None,None,,1,fatal,SUSPECTED,False,,1,1,0,LOA1,"Single drowning attributed to faults on a boatlift in salt water in Texas, approximately 1994. One of the very few documented ESD incidents in salt water. Could be Gulf Coast or coastal bay area given salt water designation.",NOVEL_LOW_INDEP | FATAL_ANONYMOUS | NO_PRIMARY_SOURCES,other:2CoolFishing Forum / Harbor Marine Consultants compilation,A: Novel + thin,"Find second independent source, or mark SUSPECTED",medium
ESD-1995-02-00-1.md,ESD-1995-02-00-1,1995-02,1995,NV,Lake Mead,None,,1,fatal,UNVERIFIED,True,#102 (Rev. 8/15/2025),0,0,0,ESDPA,"Single drowning fatality at Lake Mead, Nevada, from a fault on a houseboat in a freshwater environment. No victim name or specific location within Lake Mead identified. The ESDPA date of February 1995 conflicts with earlier versions of the same list which record the identical incident as July 1997. ",ESDPA_ONLY_NO_INDEP | FATAL_ANONYMOUS | EMPTY_SOURCES_LIST,,"B: ESDPA-only, old","Check obituary archives, local newspaper morgues",hard
ESD-1995-08-00-1.md,ESD-1995-08-00-1,1995-08,1995,KY,Lake Cumberland,Jamestown Resort and Marina,,0,near-miss,UNVERIFIED,True,,0,0,0,ESDPA,"Seven children behind a houseboat received electric shocks at Jamestown Resort and Marina on Lake Cumberland, Kentucky. No fatalities. A loss of neutral caused the issue. All children survived.",ESDPA_ONLY_NO_INDEP | EMPTY_SOURCES_LIST,,"B: ESDPA-only, old","Check obituary archives, local newspaper morgues",hard
ESD-1997-07-00-1.md,ESD-1997-07-00-1,1997-07,1997,DC,Anacostia River / Potomac River,"Air Force Base, Washington DC (likely Bolling AFB / Joint Base Anacostia-Bolling)",,1,fatal,UNVERIFIED,True,#101 (Rev. 8/15/2025),0,0,0,ESDPA,"A boy walking on ice slipped and grabbed exposed wires on a dock at an Air Force Base in Washington, DC, and was electrocuted. The ESDPA lists the date as July 1997, but this is almost certainly wrong since ice conditions are impossible in Washington, DC in July. The actual month is likely January o",ESDPA_ONLY_NO_INDEP | FATAL_ANONYMOUS | EMPTY_SOURCES_LIST,,"B: ESDPA-only, old","Check obituary archives, local newspaper morgues",hard
ESD-1997-07-00-2.md,ESD-1997-07-00-2,1997-07,1997,NV,Lake Mead,None,,1,fatal,SUSPECTED,False,,1,1,0,LOA1,"Single drowning attributed to a houseboat electrical fault in fresh water at Lake Mead, Nevada, July 1997. Despite Lake Mead being one of America's busiest recreational lakes with major marina infrastructure, this is the only documented ESD incident there. Listed as item #60 in AuGres Maritime Museu",NOVEL_LOW_INDEP | FATAL_ANONYMOUS | NO_PRIMARY_SOURCES,other:2CoolFishing Forum / Harbor Marine Consultants compilation,A: Novel + thin,"Find second independent source, or mark SUSPECTED",medium
ESD-1998-07-03-1.md,ESD-1998-07-03-1,1998-07-03,1998,WA,Lake Chelan,None,,0,near-miss,UNVERIFIED,True,,1,1,0,ESDPA,"A 21-year-old was shocked on a swim ladder while exiting the water at Lake Chelan, WA. He spent 48 hours in the hospital. Rescuers were also shocked.",NO_PRIMARY_SOURCES,other:2CoolFishing Forum / Rifkin-Shafer ESD compilation,E: Other,Review if flagged,low
ESD-1998-09-00-2.md,ESD-1998-09-00-2,1998-09,1998,CA,Sacramento River / Sacramento-San Joaquin River Delta,None,,2,fatal,UNVERIFIED,True,#99 (Rev. 8/15/2025),0,0,0,ESDPA,"Two boys (ages 8-10) drowned at a marina in Rio Vista, California, on the Sacramento River Delta. Before the fatal drownings, other boys had reported feeling a tingle while in the water and got out. Forty-year-old faulty wiring running under moored boats was identified as the cause, with insulation ",ESDPA_ONLY_NO_INDEP | FATAL_ANONYMOUS | EMPTY_SOURCES_LIST,,"B: ESDPA-only, old","Check obituary archives, local newspaper morgues",hard
ESD-1999-07-00-1.md,ESD-1999-07-00-1,1999-07,1999,SC,None,None,,1,fatal,UNVERIFIED,True,#98 (Rev. 8/15/2025),0,0,0,ESDPA,A woman was in great distress in 3 feet of freshwater in South Carolina. Her husband attempted to rescue her and drowned. The ESDPA describes this as a 'single drowning' but the narrative suggests two people were affected. It is unclear whether the wife also died or survived. The original research f,ESDPA_ONLY_NO_INDEP | FATAL_ANONYMOUS | EMPTY_SOURCES_LIST,,"B: ESDPA-only, old","Check obituary archives, local newspaper morgues",hard
ESD-1999-07-00-2.md,ESD-1999-07-00-2,1999-07,1999,AZ,Lake Mohave,None,,1,fatal,SUSPECTED,False,,2,1,0,LOA1,"A young man swimming toward the stern of a houseboat at Lake Mohave became disabled and drowned. Only 17 VAC was measured behind the stern-drive, demonstrating that extremely low voltages can be lethal in fresh water. The boat had a neutral-ground bond and a homemade shore cord Y adapter that became",FATAL_ANONYMOUS | NO_PRIMARY_SOURCES,other:2CoolFishing Forum / Harbor Marine Consultants compilation,D: Fatal + anonymous,Obituary / coroner search for victim name,medium
ESD-1999-07-18-1.md,ESD-1999-07-18-1,1999-07-18,1999,AZ,Lake Mohave,None,,1,fatal,UNVERIFIED,True,#96 (Rev. 8/15/2025),0,0,0,ESDPA,"A young man was disabled and drowned while swimming to the stern of a houseboat at Lake Mohave, Arizona. The cause was a homemade shore cord Y-connector that had disconnected, energizing the water. Lake Mohave is a freshwater reservoir on the Colorado River.",ESDPA_ONLY_NO_INDEP | FATAL_ANONYMOUS | EMPTY_SOURCES_LIST,,"B: ESDPA-only, old","Check obituary archives, local newspaper morgues",hard
ESD-1999-07-18-2.md,ESD-1999-07-18-2,1999-07-18,1999,TN,Center Hill Lake,Sligo Marina (B pier),,1,fatal,UNVERIFIED,True,#97 (Rev. 8/15/2025),0,0,0,ESDPA,"Two boys wearing flotation devices were found face down in the water a few feet behind a houseboat at Center Hill Lake (listed as 'Cedar Hill Lake' in ESDPA), Smithville, Tennessee. The 7-year-old could not be revived and died; the 8-year-old recovered. Electric shock drowning was suspected. The pre",ESDPA_ONLY_NO_INDEP | FATAL_ANONYMOUS | EMPTY_SOURCES_LIST,,"B: ESDPA-only, old","Check obituary archives, local newspaper morgues",hard
ESD-2000-00-00-1.md,ESD-2000-00-00-1,2000,2000,TN,Norris Lake,Whitman Hollow Marina,,1,fatal,UNVERIFIED,True,#93 (Rev. 8/15/2025),0,0,0,ESDPA,"Two teenage boys were swimming behind a houseboat at Whitman Hollow Marina, Norris Lake, Lafollette, Tennessee. One boy climbed onto the swim platform complaining of feeling a severe shock; the other boy fell back from the ladder — his head was reportedly not below water (possible ventricular fibril",ESDPA_ONLY_NO_INDEP | FATAL_ANONYMOUS | EMPTY_SOURCES_LIST,,"B: ESDPA-only, recent",Search news + obituaries for named victim,easy
ESD-2000-09-00-1.md,ESD-2000-09-00-1,2000-09,2000,NY,Niagara River,None,,0,near-miss,UNVERIFIED,True,,0,0,0,ESDPA,"An owner was paralyzed on the bottom in 5 feet of water while rescuing a dog at the Niagara River, Grand Island, NY. A slight current moved him and he survived. Romex wiring had chafed and energized a steel piling.",ESDPA_ONLY_NO_INDEP | EMPTY_SOURCES_LIST,,"B: ESDPA-only, recent",Search news + obituaries for named victim,easy
ESD-2000-09-30-1.md,ESD-2000-09-30-1,2000-09-30,2000,TN,Tims Ford Lake,None,,2,fatal,CONFIRMED,True,#94 (Rev. 8/15/2025),4,4,1,ESDPA,"Two young men (ages 21 and 22) died from electric shock drowning after jumping from their dock at Tims Ford Lake, Winchester, Tennessee. A live wire in the water near the dock was found; the cause was improperly installed electrical work on a newly constructed dock. A rescue diver also felt electric",FATAL_ANONYMOUS,other:Mike Holt Enterprises | other:Mike Holt Enterprises (earlier compilation) | other:OnTime Service,D: Fatal + anonymous,Obituary / coroner search for victim name,medium
ESD-2000-09-30-2.md,ESD-2000-09-30-2,2000-09-30,2000,OH,Lake Erie,Possibly Crew's Nest (per local source),,1,fatal,UNVERIFIED,True,#92 (Rev. 8/15/2025),0,0,0,ESDPA,"A young bystander disappeared while trying to retrieve sunglasses that went overboard near a Grand Banks 42 powerboat at Put-in-Bay, Ohio (Lake Erie). Electric shock drowning was the cause. A local tourism website references an earlier electrocution 'in front of the Crew's Nest' involving a young ma",ESDPA_ONLY_NO_INDEP | FATAL_ANONYMOUS | EMPTY_SOURCES_LIST,,"B: ESDPA-only, recent",Search news + obituaries for named victim,easy
ESD-2001-04-10-1.md,ESD-2001-04-10-1,2001-04-10,2001,LA,None,None,,1,fatal,UNVERIFIED,True,#91 (Rev. 8/15/2025),0,0,0,ESDPA,"A boy was electrocuted while using a conveyor to transfer shrimp in New Orleans, Louisiana. No ground was present on the equipment. This occurred in a salt water / commercial fishing context rather than a recreational marina setting. The ESDPA list classifies it under Electric Shock Drownings, but t",ESDPA_ONLY_NO_INDEP | FATAL_ANONYMOUS | EMPTY_SOURCES_LIST,,"B: ESDPA-only, recent",Search news + obituaries for named victim,easy
ESD-2001-06-06-1.md,ESD-2001-06-06-1,2001-06-06,2001,AR,Lake Hamilton,Farr Shores,,1,fatal,UNVERIFIED,True,#89 (Rev. 8/15/2025),0,0,0,ESDPA,"At Farr Shores on Lake Hamilton, Hot Springs, Arkansas, a girl was shocked after water-sliding into the water at the stern of a boat. A man who attempted to rescue her drowned. The boat had reverse polarity, a neutral-ground fault in a light fixture, and poor bonding to the service. The boat was unp",ESDPA_ONLY_NO_INDEP | FATAL_ANONYMOUS | EMPTY_SOURCES_LIST,,"B: ESDPA-only, recent",Search news + obituaries for named victim,easy
ESD-2001-09-15-1.md,ESD-2001-09-15-1,2001-09-15,2001,MS,Biloxi Bay,"Bay Marine Boat Works (151 5th St, Biloxi, MS 39530)",,1,fatal,UNVERIFIED,True,#88 (Rev. 8/15/2025),0,0,0,ESDPA,"A person was electrocuted at Bay Marine Boat Works in Biloxi, Mississippi. Reverse polarity from recent electrical work was the cause. Multiple people were reportedly shocked. The business (established 1981, owner Paul Bodin) still operates at 151 5th St, Biloxi. The date of September 15, 2001 — fou",ESDPA_ONLY_NO_INDEP | FATAL_ANONYMOUS | EMPTY_SOURCES_LIST,,"B: ESDPA-only, recent",Search news + obituaries for named victim,easy
ESD-2002-00-00-1.md,ESD-2002-00-00-1,2002,2002,FL,None,Multiple Florida marinas (aggregate report),,0,near-miss,UNVERIFIED,True,,0,1,0,ESDPA,"Interviews with divers in Florida during 2002-2003 revealed many reports of high-level tingle while cleaning boat bottoms. All incidents occurred in salt water with no fatalities. This is an aggregate report, not a single incident.",ESDPA_ONLY_NO_INDEP | NO_PRIMARY_SOURCES,other:2 Cool Fishing Forum,"B: ESDPA-only, recent",Search news + obituaries for named victim,easy
ESD-2002-05-00-1.md,ESD-2002-05-00-1,2002-05,2002,KY,Lake Cumberland,Marina houseboat dock,,2,fatal,CONFIRMED,True,FI-2002-002 (project file),1,1,1,ESDPA,"A mother and her adult daughter drowned while swimming from the sundeck of a moored houseboat on Lake Cumberland during Memorial Day weekend 2002. A third daughter survived. The houseboat owner had modified the shore power connection, changing incoming power from 125V to 125/250V and miswiring the g",FATAL_ANONYMOUS,news:EC&M (Electrical Construction & Maintenance),D: Fatal + anonymous,Obituary / coroner search for victim name,medium
ESD-2002-05-00-2.md,ESD-2002-05-00-2,2002-05,2002,TX,Apartment complex swimming pool,"Apartment complex pool, Arlington TX",,1,fatal,CONFIRMED,False,,1,1,1,LOA4,"A 14-year-old girl was electrocuted in an apartment complex swimming pool in Arlington, Texas in May 2002. Faulty wiring in underwater pool lighting energized the water. A 16-year-old male who jumped in to rescue her was severely shocked but survived after a third person used a fiberglass shepherd's",NOVEL_LOW_INDEP | FATAL_ANONYMOUS,government:U.S. Consumer Product Safety Commission (CPSC),A: Novel + thin,"Find second independent source, or mark SUSPECTED",medium
ESD-2002-07-00-1.md,ESD-2002-07-00-1,2002-07,2002,GA,Allatoona Lake,None,,0,near-miss,UNVERIFIED,True,,0,0,0,ESDPA,"Three swimmers were in distress near a houseboat at Allatoona Lake, GA. A bystander pulled the shore cord and all three were saved. One person spent days in the hospital. Same lake as a fatal ESD incident.",ESDPA_ONLY_NO_INDEP | EMPTY_SOURCES_LIST,,"B: ESDPA-only, recent",Search news + obituaries for named victim,easy
ESD-2002-10-00-1.md,ESD-2002-10-00-1,2002-10,2002,SC,Lake Murray,None,,0,near-miss,UNVERIFIED,True,,0,0,0,ESDPA,"A swimmer at Lake Murray, SC reported a strong tingle. Investigation found high-level fault currents in the dock frame. Fresh water environment.",ESDPA_ONLY_NO_INDEP | EMPTY_SOURCES_LIST,,"B: ESDPA-only, recent",Search news + obituaries for named victim,easy
ESD-2003-05-00-1.md,ESD-2003-05-00-1,2003-05,2003,GA,Allatoona Lake,Private houseboat dock,,0,non-fatal,UNVERIFIED,True,FI-2003-003 (project file); #85 (Rev. 8/15/2025),0,0,0,ESDPA,"Wildlife-only incident. Six ducks were killed when a shore power cord fell into the water as a houseboat pulled away from a dock at Allatoona Lake, Georgia. The 125V plug at the boat end of the shore cord had been rewired by the owner for 220V service, with L2 connected to the ground pin and the gro",ESDPA_ONLY_NO_INDEP | EMPTY_SOURCES_LIST,,"B: ESDPA-only, recent",Search news + obituaries for named victim,easy
ESD-2003-08-00-1.md,ESD-2003-08-00-1,2003-08,2003,KY,Green River Lake,None,,0,near-miss,UNVERIFIED,True,,0,0,0,ESDPA,A marina manager at Green River Lake found a houseboat with 4 amps of leakage and 8 VAC hull potential after a child reported a tingle. The boat was rewired and leakage was cleared. Same location as another near-miss incident.,ESDPA_ONLY_NO_INDEP | EMPTY_SOURCES_LIST,,"B: ESDPA-only, recent",Search news + obituaries for named victim,easy
ESD-2004-05-31-1.md,ESD-2004-05-31-1,2004-05-31,2004,KY,Lake Barkley,None,,0,near-miss,UNVERIFIED,True,,0,0,0,ESDPA,"Two women swimming near a rented houseboat at Lake Barkley, Grand Rivers, KY felt strong electric shock. They swam away. A relative confirmed the same experience. Disconnecting shore power resolved the issue.",ESDPA_ONLY_NO_INDEP | EMPTY_SOURCES_LIST,,"B: ESDPA-only, recent",Search news + obituaries for named victim,easy
ESD-2004-06-05-1.md,ESD-2004-06-05-1,2004-06-05,2004,NC,Lake Wylie,Houseboat dock,,1,fatal,UNVERIFIED,True,FI-2003-001 (project file); #39 (earlier ESDPA list revisions),0,0,0,ESDPA,Two boys were swimming at the bow of a houseboat at Lake Wylie when they called for help. The father of one victim and a friend rushed forward. One boy on the ladder said he was being shocked. The other boy in the water was not moving. The friend rushed aft to pull the shore cord (disconnecting shor,ESDPA_ONLY_NO_INDEP | FATAL_ANONYMOUS | EMPTY_SOURCES_LIST,,"B: ESDPA-only, recent",Search news + obituaries for named victim,easy
ESD-2004-06-19-1.md,ESD-2004-06-19-1,2004-06-19,2004,TX,Lake Travis,Marina dock,,1,fatal,UNVERIFIED,True,FI-2004-004 (project file),0,0,0,ESDPA,"A young man disappeared between marina dock sections at Lake Travis, Austin, Texas. Joule marks (electrical burn marks) were found during postmortem examination, and electric shock drowning was suspected as the cause of death.",ESDPA_ONLY_NO_INDEP | FATAL_ANONYMOUS | EMPTY_SOURCES_LIST,,"B: ESDPA-only, recent",Search news + obituaries for named victim,easy
ESD-2004-06-19-2.md,ESD-2004-06-19-2,2004-06-19,2004,NC,Lake Waccamaw,Private dock with motorized boat lift,,1,fatal,CONFIRMED,True,FI-2004-005 (project file),1,1,1,ESDPA,"A 10-year-old boy was electrocuted while swimming near a dock with a motorized boat lift at Lake Waccamaw, North Carolina. His grandfather had raised the boat lift rails about 2 feet above the water to create more swimming space. Children playing in the water reported feeling 'tingles' in their legs",FATAL_ANONYMOUS,news:EC&M (Electrical Construction & Maintenance),D: Fatal + anonymous,Obituary / coroner search for victim name,medium
ESD-2004-07-00-1.md,ESD-2004-07-00-1,2004-07,2004,AZ,Saguaro Lake,Saguaro Lake Marina,,0,near-miss,UNVERIFIED,True,,0,0,0,ESDPA,"A diver doing dock maintenance at Saguaro Lake, AZ felt tingling near a pontoon houseboat. The shore cable was disconnected and work resumed without incident.",ESDPA_ONLY_NO_INDEP | EMPTY_SOURCES_LIST,,"B: ESDPA-only, recent",Search news + obituaries for named victim,easy
ESD-2004-07-00-2.md,ESD-2004-07-00-2,2004-07,2004,CA,Sacramento River,None,,0,near-miss,UNVERIFIED,True,,0,0,0,ESDPA,A man was shocked entering the water near boats on generator power on the Sacramento River. Two men jumped in to rescue him; one rescuer was also imperiled. The generator was secured. All survived.,ESDPA_ONLY_NO_INDEP | EMPTY_SOURCES_LIST,,"B: ESDPA-only, recent",Search news + obituaries for named victim,easy
ESD-2004-08-08-1.md,ESD-2004-08-08-1,2004-08-08,2004,TX,Lake Travis,Marina dock (between two sections),,1,fatal,SUSPECTED,True,#42 (Rev. 5/9/16); #66 (Rev. 5/6/20); #38 (Harbor Marine Update),0,3,0,LOA2,"A young man in good health was swimming in the evening between two sections of a marina dock at Lake Travis, Austin, Texas. He disappeared under the water and was not recovered until two days later when his body surfaced. The post mortem found no toxic substances. However, the autopsy revealed Joule",ESDPA_ONLY_NO_INDEP | FATAL_ANONYMOUS | NO_PRIMARY_SOURCES,other:ESDPA Incident List (Rev. 5/6/20) | other:ESDPA Incident List (Rev. 5/9/16) | other:Harbor Marine Consultants Update,"C: ESDPA-only, ambiguous",Verify classification; search local news,easy
ESD-2005-06-24-1.md,ESD-2005-06-24-1,2005-06-24,2005,NY,Lake Ontario,None,,0,near-miss,UNVERIFIED,True,,0,0,0,ESDPA,"A man was badly shocked and paralyzed on a boat ladder at Lake Ontario, NY. Power was turned off and he regained feeling. No ground wire was found in the dock wiring.",ESDPA_ONLY_NO_INDEP | EMPTY_SOURCES_LIST,,"B: ESDPA-only, recent",Search news + obituaries for named victim,easy
ESD-2005-07-00-1.md,ESD-2005-07-00-1,2005-07,2005,NY,None,"Private marina, Brooklyn",,0,near-miss,UNVERIFIED,True,,0,0,0,ESDPA,"A diver in Brooklyn, NY complained of tingling and pain. 40 VAC was measured in the water. A neutral-ground short on a recently installed water heater was identified as the cause.",ESDPA_ONLY_NO_INDEP | EMPTY_SOURCES_LIST,,"B: ESDPA-only, recent",Search news + obituaries for named victim,easy
ESD-2006-05-22-1.md,ESD-2006-05-22-1,2006-05-22,2006,WI,Lake Michigan,Racine Harbor,,1,fatal,UNVERIFIED,True,FI-2006-005 (project file),0,0,0,ESDPA,A 56-year-old man was killed while swimming from the stern of a boat at Racine Harbor on Lake Michigan. An inquest ruled the death as accidental electrocution. A reverse polarity light reportedly flickered on and went out when power was applied to the vessel.,ESDPA_ONLY_NO_INDEP | FATAL_ANONYMOUS | EMPTY_SOURCES_LIST,,"B: ESDPA-only, recent",Search news + obituaries for named victim,easy
ESD-2006-07-02-1.md,ESD-2006-07-02-1,2006-07-02,2006,MN,Lake L'Homme Dieu,None,,0,near-miss,UNVERIFIED,True,,0,0,0,ESDPA,"Three men in a boat at Lake L'Homme Dieu, Douglas County, MN had their propeller catch an extension cord powering a boat lift. They were severely shocked upon entering the water. One was hospitalized for several days (described as face down and unresponsive). All survived.",ESDPA_ONLY_NO_INDEP | EMPTY_SOURCES_LIST,,"B: ESDPA-only, recent",Search news + obituaries for named victim,easy
ESD-2006-08-00-1.md,ESD-2006-08-00-1,2006-08,2006,WI,Lake Michigan,None,,0,near-miss,UNVERIFIED,True,,0,0,0,ESDPA,"An owner checking underwater with scuba gear at Racine, WI on Lake Michigan touched a bronze propeller and was nearly paralyzed. The cause was a boat in the next slip with a faulty water heater neutral wire. Same location as a fatal incident (ESD #75, May 2006).",ESDPA_ONLY_NO_INDEP | EMPTY_SOURCES_LIST,,"B: ESDPA-only, recent",Search news + obituaries for named victim,easy
ESD-2007-07-01-1.md,ESD-2007-07-01-1,2007-07-01,2007,True,Lake Ontario,Collins Bay Marina,,0,near-miss,UNVERIFIED,True,,0,0,0,ESDPA,"A SCUBA diver felt tingling then moderate shock while approaching a moored sailboat at Collins Bay on Lake Ontario, Kingston, Ontario, Canada. The diver backed away. A battery charger had a short circuit.",ESDPA_ONLY_NO_INDEP | EMPTY_SOURCES_LIST,,"B: ESDPA-only, recent",Search news + obituaries for named victim,easy
ESD-2007-07-20-1.md,ESD-2007-07-20-1,2007-07-20,2007,OK,Lake Arcadia,None,,0,near-miss,UNVERIFIED,True,,0,0,0,ESDPA,"An adult male was immediately paralyzed at the end of a dock at Lake Arcadia, Edmond, OK. His wife kept his head above water from the dock. A bystander was also shocked. High water had submerged electrical outlets.",ESDPA_ONLY_NO_INDEP | EMPTY_SOURCES_LIST,,"B: ESDPA-only, recent",Search news + obituaries for named victim,easy
ESD-2007-07-28-1.md,ESD-2007-07-28-1,2007-07-28,2007,MO,Lake of the Ozarks,Private dock,,1,fatal,SUSPECTED,True,#38 (Rev. 5/9/16),0,2,0,LOA2,"A 24-year-old woman attempted to exit the water using a metal ladder at the end of a private dock on Lake of the Ozarks, Missouri. She experienced a paralyzing electric shock which caused her to fall back into the water and drown. Several people had previously reported being shocked by the same ladd",ESDPA_ONLY_NO_INDEP | FATAL_ANONYMOUS | NO_PRIMARY_SOURCES,other:ESDPA Incident List (Rev. 5/9/16) | other:Harbor Marine Consultants / Mike Holt Update,"C: ESDPA-only, ambiguous",Verify classification; search local news,easy
ESD-2007-09-00-1.md,ESD-2007-09-00-1,2007-09,2007,FL,Caloosahatchee River,Franklin Lock Campground,,0,near-miss,UNVERIFIED,True,,0,0,0,ESDPA,"A boat owner cleaning a prop shaft in the water at Franklin Lock Campground on the Caloosahatchee River, FL was shocked. His teeth clenched involuntarily and he saw blue sparks. He exited the water. The breaker had tripped.",ESDPA_ONLY_NO_INDEP | EMPTY_SOURCES_LIST,,"B: ESDPA-only, recent",Search news + obituaries for named victim,easy
ESD-2008-06-13-1.md,ESD-2008-06-13-1,2008-06-13,2008,NC,Atlantic Ocean / Intracoastal Waterway,"Ocean Isle Beach Marina, 2000 Sommerset Rd SW",,1,fatal,CONFIRMED,False,,1,1,1,LOA4,"A construction worker employed by Coastal Carolina Construction & Development, Inc. was electrocuted while performing repair work on a floating dock at Ocean Isle Beach Marina. He was using an electric drill with his feet in the water, plugged into a marina receptacle that lacked GFCI protection. He",NOVEL_LOW_INDEP | FATAL_ANONYMOUS,government:OSHA Fatality Investigation,A: Novel + thin,"Find second independent source, or mark SUSPECTED",medium
ESD-2010-05-29-2.md,ESD-2010-05-29-2,2010-05-29,2010,NC,Lake Waccamaw,"Private covered dock with boat lift, approximately 200 feet from shore",,1,fatal,CONFIRMED,True,FI-2010-004 (project file),1,1,1,ESDPA,"A boy was killed swimming near a covered dock with a boat lift at Lake Waccamaw, North Carolina, on May 29, 2010. A grandfather had taken children to play under the dock in 3 feet of water. He raised the metal boat lift rails about 2 feet above water to create swimming space. One child reported feel",FATAL_ANONYMOUS,news:EC&M (Electrical Construction & Maintenance),D: Fatal + anonymous,Obituary / coroner search for victim name,medium
ESD-2010-06-00-1.md,ESD-2010-06-00-1,2010-06,2010,AL,Lewis Smith Lake,Private dock,,1,fatal,UNVERIFIED,True,FI-2010-003 (project file),0,0,0,ESDPA,"A 16-year-old boy fell back into the water while climbing a dock ladder at Lewis Smith Lake, Alabama, in June 2010. Electrocution was suspected as the cause of death. No further details are available.",ESDPA_ONLY_NO_INDEP | FATAL_ANONYMOUS | EMPTY_SOURCES_LIST,,"B: ESDPA-only, recent",Search news + obituaries for named victim,easy
ESD-2010-06-21-1.md,ESD-2010-06-21-1,2010-06-21,2010,SC,None,Residential swimming pool,,1,fatal,UNVERIFIED,True,FI-2010-002 (project file),0,0,0,ESDPA,"A 54-year-old man died jumping into a swimming pool in York, South Carolina, to rescue his granddaughter who was being shocked by the pool's railing. The granddaughter survived the incident.",ESDPA_ONLY_NO_INDEP | FATAL_ANONYMOUS | EMPTY_SOURCES_LIST,,"B: ESDPA-only, recent",Search news + obituaries for named victim,easy
ESD-2010-06-24-1.md,ESD-2010-06-24-1,2010-06-24,2010,TX,Lake Travis,None,,0,near-miss,UNVERIFIED,True,,0,0,0,ESDPA,"A 15-year-old girl and her 8-year-old sister were shocked near a boat dock at Lake Travis, TX. The older sister was unresponsive and in critical condition in the hospital. Shoddy boat lift wiring was identified as the cause. Both girls survived.",ESDPA_ONLY_NO_INDEP | EMPTY_SOURCES_LIST,,"B: ESDPA-only, recent",Search news + obituaries for named victim,easy
ESD-2010-07-03-1.md,ESD-2010-07-03-1,2010-07-03,2010,TN,Fort Loudoun Lake,International Harbor,,0,near-miss,UNVERIFIED,True,,0,0,0,ESDPA,"Three females (ages 12, 20, and 30) were shocked near a docked boat at International Harbor, Friendsville, TN. One was not breathing when EMS arrived and was revived. A 63-year-old woman was also shocked. All four victims were hospitalized but all survived.",ESDPA_ONLY_NO_INDEP | EMPTY_SOURCES_LIST,,"B: ESDPA-only, recent",Search news + obituaries for named victim,easy
ESD-2010-09-05-1.md,ESD-2010-09-05-1,2010-09-05,2010,SC,Hartwell Lake,None,,0,near-miss,UNVERIFIED,True,,0,0,0,ESDPA,"A 12-year-old girl grabbed an electrical wire at Hartwell Lake, Anderson, SC and went into cardiac arrest. She was resuscitated by her father and airlifted to the hospital. A grounding problem on the dock was found. She survived.",ESDPA_ONLY_NO_INDEP | EMPTY_SOURCES_LIST,,"B: ESDPA-only, recent",Search news + obituaries for named victim,easy
ESD-2011-03-18-1.md,ESD-2011-03-18-1,2011-03-18,2011,TX,Retention pond,None,,0,near-miss,UNVERIFIED,True,,0,0,0,ESDPA,"A dog died in a retention pond fountain in Houston, TX. A man felt strong current at ankle depth and retreated. Power was secured.",ESDPA_ONLY_NO_INDEP | EMPTY_SOURCES_LIST,,"B: ESDPA-only, recent",Search news + obituaries for named victim,easy
ESD-2011-06-21-1.md,ESD-2011-06-21-1,2011-06-21,2011,WV,Kanawha River,Lou Wendell Marine,,0,near-miss,UNVERIFIED,True,,0,0,0,ESDPA,"A woman was overcome by electrical current in the water via a boat ladder at Lou Wendell Marine on the Kanawha River, Charleston, WV. She was submerged for 90 seconds before being rescued. A grounded neutral in the pedestal was identified as the cause.",ESDPA_ONLY_NO_INDEP | EMPTY_SOURCES_LIST,,"B: ESDPA-only, recent",Search news + obituaries for named victim,easy
ESD-2011-08-15-1.md,ESD-2011-08-15-1,2011-08-15,2011,GA,Lake Sinclair,Private dock between two houseboats,,1,fatal,UNVERIFIED,True,FI-2011-001 (project file),0,0,0,ESDPA,"A 25-year-old woman was electrocuted at Lake Sinclair, Putnam County, Georgia, on August 15, 2011. She reached from the water and touched either a box or bare wire between two docked houseboats. The dock was being worked on at the time. An 8-year-old girl swimming in the area received a shock but su",ESDPA_ONLY_NO_INDEP | FATAL_ANONYMOUS | EMPTY_SOURCES_LIST,,"B: ESDPA-only, recent",Search news + obituaries for named victim,easy
ESD-2011-08-28-1.md,ESD-2011-08-28-1,2011-08-28,2011,CT,Long Island Sound,Near Shady Beach,,0,near-miss,UNVERIFIED,True,,0,0,0,ESDPA,"During Hurricane Irene, a dog was electrocuted in floodwater near Shady Beach, Norwalk, CT. Two women felt shocks. Witnesses reported the 'water was boiling' from electrical current. Hurricane Irene caused widespread flooding and 767,000 power outages across Connecticut.",ESDPA_ONLY_NO_INDEP | EMPTY_SOURCES_LIST,,"B: ESDPA-only, recent",Search news + obituaries for named victim,easy
ESD-2012-05-28-1.md,ESD-2012-05-28-1,2012-05-28,2012,MO,Lake of the Ozarks,None,,0,near-miss,UNVERIFIED,True,,0,0,0,ESDPA,"Three women were shocked while swimming near a dock at Lake of the Ozarks, MO on Memorial Day weekend. Someone turned off the power. One woman needed CPR. All survived. No GFCI was present and the ground wire was inadequate.",ESDPA_ONLY_NO_INDEP | EMPTY_SOURCES_LIST,,"B: ESDPA-only, recent",Search news + obituaries for named victim,easy
ESD-2012-07-23-1.md,ESD-2012-07-23-1,2012-07-23,2012,MO,Lake of the Ozarks,Dock under electrical repairs,,0,near-miss,UNVERIFIED,True,,0,0,0,ESDPA,"Two children and an adult near a dock under electrical repairs at Lake of the Ozarks, MO all felt electric shock. Power was turned off and everyone exited safely. Occurred 19 days after fatal Anderson children incident (July 4) and 16 days after Jennifer Lankford fatality (July 7).",ESDPA_ONLY_NO_INDEP | EMPTY_SOURCES_LIST,,"B: ESDPA-only, recent",Search news + obituaries for named victim,easy
ESD-2012-08-04-1.md,ESD-2012-08-04-1,2012-08-04,2012,MO,Lake of the Ozarks,Dock at Gravois Arm,,0,near-miss,UNVERIFIED,True,,0,0,0,ESDPA,"A woman and her husband both confirmed shock while reaching for a dock ladder at Gravois Arm on Lake of the Ozarks, MO. They swam away to a neighbor's dock and survived. Same area as July 4, 2012 fatal incident (Anderson children).",ESDPA_ONLY_NO_INDEP | EMPTY_SOURCES_LIST,,"B: ESDPA-only, recent",Search news + obituaries for named victim,easy
ESD-2013-06-18-1.md,ESD-2013-06-18-1,2013-06-18,2013,MO,None,Private residence — flooded basement,,0,near-miss,UNVERIFIED,True,,0,0,0,ESDPA,"On June 18, 2013, a woman in a flooded basement in Scott City, Missouri was shocked while unplugging cords. She rescued her cat and survived by floating on furniture. Non-marina context (flooded basement). No flooding event documented in Scott City for June 2013; date or location may be inaccurate.",ESDPA_ONLY_NO_INDEP | EMPTY_SOURCES_LIST,,"B: ESDPA-only, recent",Search news + obituaries for named victim,easy
ESD-2013-07-00-1.md,ESD-2013-07-00-1,2013-07,2013,NC,Lake Norman,Private dock,,0,near-miss,UNVERIFIED,True,,0,0,0,ESDPA,"Man felt electric shock and paralysis while swimming off a docked boat at Lake Norman, NC in July 2013. He managed to move far enough away from the electrical source to regain control of his muscles. Classic ESD near-miss with paralysis followed by escape. Date is approximate (month only).",ESDPA_ONLY_NO_INDEP | EMPTY_SOURCES_LIST,,"B: ESDPA-only, recent",Search news + obituaries for named victim,easy
ESD-2013-07-11-1.md,ESD-2013-07-11-1,2013-07-11,2013,MO,Lake of the Ozarks,Dock near 35 Mile Marker,,0,near-miss,UNVERIFIED,True,,0,0,0,ESDPA,"On July 11, 2013, eight college girls were swimming at the 35 mile marker on Lake of the Ozarks, MO. One girl's arm went numb. Others were shocked while exiting the water at a nearby dock. All survived without serious injury.",ESDPA_ONLY_NO_INDEP | EMPTY_SOURCES_LIST,,"B: ESDPA-only, recent",Search news + obituaries for named victim,easy
ESD-2015-00-00-1.md,ESD-2015-00-00-1,2015,2015,AL,Smith Lake,None,Dianne Guyton,0,near-miss,PROBABLE,False,,1,1,1,LOA11,"Dianne Guyton was swimming in Smith Lake, Alabama, approximately 2015, when she reached up to the dock to get her phone and was electrocuted by electricity in the water. Her neighbors brought her to shore. She survived but nearly drowned. As of June 2024, she was publicly sharing her story to warn o",NOVEL_LOW_INDEP,video:WBRC 6 News (Birmingham AL),A: Novel + thin,"Find second independent source, or mark SUSPECTED",medium
ESD-2016-05-28-2.md,ESD-2016-05-28-2,2016-05-28,2016,AZ,Private backyard swimming pool,"Private residence, near 43rd Avenue and Thomas Road",,1,fatal,CONFIRMED,False,,2,2,2,LOA1,"A 27-year-old father was electrocuted in the deep end of his private backyard swimming pool near 43rd Avenue and Thomas Road in Phoenix on May 28, 2016, while reportedly attempting to change a faulty pool light. He was in the deep end wearing goggles when he was shocked, according to his 8-year-old ",FATAL_ANONYMOUS,news:ABC15 Phoenix | news:Fox4 Kansas City,D: Fatal + anonymous,Obituary / coroner search for victim name,medium
ESD-2016-05-29-1.md,ESD-2016-05-29-1,2016-05-29,2016,PA,Backyard pool,"Private residence, Rockledge Drive",,1,fatal,CONFIRMED,True,FI-2016-004 (project file),4,2,2,ESDPA,"An 8-year-old girl was among 8 children swimming when a child flipped the pool light switch, sending current into the water. She was the only one unable to get out. Family began CPR; police used AED; she was airlifted to Penn State Hershey Medical Center in critical condition. Seven other children w",FATAL_ANONYMOUS,news:FOX43 | news:ABC News,D: Fatal + anonymous,Obituary / coroner search for victim name,medium
ESD-2016-06-27-1.md,ESD-2016-06-27-1,2016-06-27,2016,AZ,Private swimming pool,"Private residence, near 43rd Avenue and Thomas Road",,1,fatal,CONFIRMED,True,FI-2016-005 (project file),4,1,1,ESDPA,A 27-year-old father was electrocuted while attempting to change a pool light. His wife and three children witnessed the incident and were also shocked when trying to rescue him. His 8-year-old daughter reported he sank in the deep end. Official cause classified as drowning with electrocution as con,FATAL_ANONYMOUS,news:ABC15 Phoenix,D: Fatal + anonymous,Obituary / coroner search for victim name,medium
ESD-2016-07-21-1.md,ESD-2016-07-21-1,2016-07-21,2016,None,None,New dock construction site,,1,fatal,CONFIRMED,False,,1,1,1,LOA4,"A 24-year-old construction worker employed by LHC Construction Management, LLC, was electrocuted at approximately 4:00 PM while installing tongue-and-groove wood trim on the ceiling of a new dock area under construction. He came into contact with an energized boat lift, received an electric shock, f",NOVEL_LOW_INDEP | FATAL_ANONYMOUS,government:OSHA Fatality Investigation,A: Novel + thin,"Find second independent source, or mark SUSPECTED",medium
ESD-2017-00-00-1.md,ESD-2017-00-00-1,2017,2017,MI,River (specific river withheld in CDC report),Marina on a river (name withheld by MIFACE to protect privacy),,1,fatal,SUSPECTED,False,,1,1,1,LOA2,"In summer 2017, a male marina owner in his 80s drowned after falling into six-foot-deep water at a boat slip in his own marina on a river in Michigan. His spouse described him as a 'good swimmer' who had fallen in at least twice before without incident (when others were present to assist). On the da",NOVEL_LOW_INDEP | FATAL_ANONYMOUS,government:CDC MIFACE Report 17MI208,A: Novel + thin,"Find second independent source, or mark SUSPECTED",medium
ESD-2017-03-24-1.md,ESD-2017-03-24-1,2017-03-24,2017,NJ,Shrewsbury River,Marina dock (specific marina not identified),,2,fatal,SUSPECTED,False,,1,1,1,LOA2,"On Friday, March 24, 2017, a 59-year-old male fell into the water at a marina dock in Monmouth Beach, New Jersey, while attempting to board or disembark from a boat. A 51-year-old female friend jumped in to rescue him. Both drowned. The rescuer-drowning pattern is a classic ESD indicator. However, a",NOVEL_LOW_INDEP | FATAL_ANONYMOUS,legal:Robson Forensic Expert Witness Appendices,A: Novel + thin,"Find second independent source, or mark SUSPECTED",medium
ESD-2017-05-01-1.md,ESD-2017-05-01-1,2017-05-01,2017,NY,None,Private residence — basement with sump pump,,0,near-miss,UNVERIFIED,True,,0,0,0,ESDPA,"On May 1, 2017, a homeowner in Rochester, New York rigged a sump pump and received a significant shock in his legs. A motor fault was the cause. No GFCI protection was in place. Non-marina context (residential basement).",ESDPA_ONLY_NO_INDEP | EMPTY_SOURCES_LIST,,"B: ESDPA-only, recent",Search news + obituaries for named victim,easy
ESD-2017-05-24-1.md,ESD-2017-05-24-1,2017-05,2017,LA,Lake Pontchartrain,Private dock,,1,fatal,UNVERIFIED,True,FI-2017-009 (project file),0,0,0,ESDPA,"23-year-old man reportedly electrocuted when he extended an aluminum pole into the water around his sailboat at a private dock in Mandeville, LA. No independent sources could be located to verify this incident.",ESDPA_ONLY_NO_INDEP | FATAL_ANONYMOUS | EMPTY_SOURCES_LIST,,"B: ESDPA-only, recent",Search news + obituaries for named victim,easy
ESD-2017-06-23-1.md,ESD-2017-06-23-1,2017-06-23,2017,None,Water park pool,"Water park, Akyazi",,5,fatal,VERIFIED,True,FI-2017-006 (project file),6,2,2,ESDPA,"Five people died at a water park in Akyazi, Turkey: three children (12, 15, 17) were caught in electrical current in the pool; the 58-year-old park manager and his 30-year-old son jumped in to save them and were also killed. Two others were injured touching energized metal railings. The park lacked ",FATAL_ANONYMOUS,news:CBC News | news:Global News,D: Fatal + anonymous,Obituary / coroner search for victim name,medium
ESD-2017-07-03-1.md,ESD-2017-07-03-1,2017-07-03,2017,SC,Lake Keowee,Private dock with boat lift,,0,near-miss,UNVERIFIED,True,,0,0,0,ESDPA,"On July 3, 2017, a man's son grabbed the crossmember of a boat lift while under a boat at Lake Keowee, South Carolina. He was shocked but recovered. The boat lift was not properly grounded.",ESDPA_ONLY_NO_INDEP | EMPTY_SOURCES_LIST,,"B: ESDPA-only, recent",Search news + obituaries for named victim,easy
ESD-2017-07-07-1.md,ESD-2017-07-07-1,2017-07-07,2017,CA,Canyon Lake,None,,0,near-miss,UNVERIFIED,True,,0,0,0,ESDPA,"On July 7, 2017, two kayakers felt an electrical tingle at Canyon Lake, California. Authorities were investigating. The cause was unknown at the time of reporting.",ESDPA_ONLY_NO_INDEP | EMPTY_SOURCES_LIST,,"B: ESDPA-only, recent",Search news + obituaries for named victim,easy
ESD-2018-05-14-1.md,ESD-2018-05-14-1,2018-05-14,2018,MO,Lake Taneycomo,Private dock,,0,near-miss,UNVERIFIED,True,,0,0,0,ESDPA,"On May 14, 2018, a man's grandson was shocked at Lake Taneycomo, Branson, Missouri. The cause was faulty electrical wiring three docks away from the victim's location, demonstrating how far stray voltage can travel through water.",ESDPA_ONLY_NO_INDEP | EMPTY_SOURCES_LIST,,"B: ESDPA-only, recent",Search news + obituaries for named victim,easy
ESD-2022-08-03-1.md,ESD-2022-08-03-1,2022-08-03,2022,None,None,Marina (location not published in OSHA summary),,1,fatal,CONFIRMED,False,,1,1,1,LOA4,"At 3:45 PM on August 3, 2022, a marina employee operating a mobile boat lift to move boats into slips was electrocuted when the lift contacted overhead power lines. He fell from the operator's cab and was pronounced dead at the scene. NAICS 713930 (Marinas). The victim was not in or near water — thi",NOVEL_LOW_INDEP | FATAL_ANONYMOUS,government:OSHA Fatality Investigation,A: Novel + thin,"Find second independent source, or mark SUSPECTED",medium
ESD-2025-06-21-1.md,ESD-2025-06-21-1,2025-06-21,2025,GA,Blue Ridge Lake,Private dock,,1,fatal,CONFIRMED,True,FI-2025-002 (project file),2,1,1,ESDPA,"A 13-year-old boy from Fulton County GA (Atlanta metro) was electrocuted trying to exit the water via a metal dock ladder at Blue Ridge Lake. Two boys attempting rescue and a woman were also shocked. Fannin County Coroner Becky Callihan is investigating. The victim was a certified scuba diver, makin",FATAL_ANONYMOUS,news:The News Observer (Blue Ridge),D: Fatal + anonymous,Obituary / coroner search for victim name,medium
