incident_id,date,year,era,state,county,city,body_of_water,facility_name,latitude,longitude,setting,is_freshwater_marina,is_freshwater_private_dock,incident_type,fatality_count,injury_count,near_miss_count,verification_level,esdpa_listed,discovery_source,independent_source_count,electrical_source,electrical_source_detail,voltage,water_type,source_url
ESD-0000-00-00-2,,,Unknown,OK,,,Community swimming pool,City recreational center pool,35.565342,-96.928917,"Other (pool, fountain, public, unknown)",False,False,fatal,1,0,0,UNVERIFIED,True,ESDPA,1,other,Damaged power cord from adjacent soda machine pinched under candy machine leg; broken grounding pin on candy machine,,pool,https://www.ecmweb.com/content/article/20898270/case-of-the-lethal-candy-machine
ESD-0000-00-00-3,,,Unknown,TX,Travis,,Lake Travis,,30.4645913,-98.0783472,"Other (pool, fountain, public, unknown)",False,False,fatal,2,0,0,SUSPECTED,False,LOA1,1,charger,Faulty battery charger on houseboat with lack of grounding system,,fresh,
ESD-1981-07-00-1,1981-07,1981,Pre-NEC 555 (1981-2010),CT,,Essex,Connecticut River,,41.4125419,-72.4586032,"Other (pool, fountain, public, unknown)",False,False,near-miss,0,0,1,UNVERIFIED,True,ESDPA,0,shore_power,Boat power energizing water; diver checking zincs felt strong electric pulses,,brackish,
ESD-1982-00-00-1,1982,1982,Pre-NEC 555 (1981-2010),WI,Door,Egg Harbor,Green Bay,,44.5126379,-88.0125794,"Other (pool, fountain, public, unknown)",False,False,near-miss,0,0,1,UNVERIFIED,True,ESDPA,0,dock_wiring,Open neutral energized dock cleat,,fresh,
ESD-1982-12-00-1,1982-12,1982,Pre-NEC 555 (1981-2010),TX,Marion,Avinger,Lake O' The Pines,Near Johnson Creek,32.820786,-94.6605031,"Other (pool, fountain, public, unknown)",False,False,fatal,1,0,3,SUSPECTED,False,LOA1,1,overhead_line,Sailboat mast struck overhead power line crossing Lake O' The Pines near Johnson Creek,,fresh,https://jrlawfirm.com/news/power-lines-over-lakes/
ESD-0000-00-00-1,1986-06-08,1986,Pre-NEC 555 (1981-2010),WI,Pierce,Prescott,St. Croix River,Unknown — near swim platform,45.5395961,-92.7253459,"Other (pool, fountain, public, unknown)",False,False,fatal,1,0,0,UNVERIFIED,True,ESDPA,0,charger,Battery charger fault; no AC grounding wire present,,fresh,
ESD-1986-07-29-1,1986-07-29,1986,Pre-NEC 555 (1981-2010),MI,Wayne,Grosse Pointe Shores,Lake St. Clair,Grosse Pointe Yacht Club,42.4934836,-82.7392729,Freshwater marina,True,False,fatal,1,0,0,UNVERIFIED,True,ESDPA,0,dock_wiring,Diver drowned at yacht club; details relayed third-hand,,fresh,
ESD-1986-07-29-2,1986-07-29,1986,Pre-NEC 555 (1981-2010),MI,Emmet,Petoskey,Little Traverse Bay (Lake Michigan),,45.400009,-85.0264449,"Other (pool, fountain, public, unknown)",False,False,fatal,1,0,0,UNVERIFIED,True,ESDPA,0,dock_wiring,Diver drowned; details relayed third-hand,,fresh,
ESD-1986-07-29-3,1986-07-29,1986,Pre-NEC 555 (1981-2010),KY,Jefferson,Louisville,Harrods Creek (Ohio River),Harrods Creek Boat Harbor,38.3275686,-85.6277393,Freshwater marina,True,False,fatal,2,0,0,VERIFIED,True,ESDPA,3,shore_power,Faulty light switch and missing ground on a nearby houseboat,,fresh,https://www.odmp.org/officer/4045-detective-jack-s-deuser
ESD-1987-00-00-1,1987,1987,Pre-NEC 555 (1981-2010),MI,Ottawa,Park Township,Lake Macatawa,Bay Haven Marina,42.7820312,-86.1807147,Freshwater marina,True,False,fatal,1,0,2,UNVERIFIED,True,ESDPA,0,dock_wiring,Victim fell off dock into electrified water; two rescue attempts thwarted by severe electric shock,,fresh,
ESD-1988-04-21-1,1988-04-21,1988,Pre-NEC 555 (1981-2010),NY,Albany,Albany,Indian Lake (campus pond),State University of New York at Albany (SUNY Albany),43.782497,-74.272041,"Other (pool, fountain, public, unknown)",False,False,fatal,1,2,0,VERIFIED,True,ESDPA,5,other,Broken/faulty underground electrical cable near pump house approximately 20 feet from shore,,fresh,https://www.upi.com/Archives/1988/04/22/Student-electrocuted-in-pond-hazing-stunt/7322577684800
ESD-1988-04-23-1,1988-04-23,1988,Pre-NEC 555 (1981-2010),OK,,,,,35.565342,-96.928917,"Other (pool, fountain, public, unknown)",False,False,fatal,1,0,0,UNVERIFIED,True,ESDPA,0,other,Fault in submersible pump,,fresh,
ESD-1989-06-01-1,1989-06-01,1989,Pre-NEC 555 (1981-2010),OK,,,Lake B (southern Oklahoma — lake name anonymized by CDC),,36.1400892,-96.0819455,"Other (pool, fountain, public, unknown)",False,False,fatal,1,0,0,CONFIRMED,False,LOA4,1,dock_wiring,Broken-lamp wiring connected to 110-volt dock power line,110V AC,fresh,https://www.cdc.gov/mmwr/preview/mmwrhtml/00042081.htm
ESD-1989-12-08-1,1989-12-08,1989,Pre-NEC 555 (1981-2010),OK,,,Lake A (northeastern Oklahoma; likely Grand Lake O' the Cherokees),,36.1400892,-96.0819455,"Other (pool, fountain, public, unknown)",False,False,fatal,1,0,0,CONFIRMED,True,ESDPA,1,other,Victim was rewiring a submerged water pump and stringing electrical wire from pump to relay station,,fresh,https://www.cdc.gov/mmwr/preview/mmwrhtml/00042081.htm
ESD-1991-07-00-1,1991-07,1991,Pre-NEC 555 (1981-2010),AR,Garland,Hot Springs,Lake Hamilton,,34.425335,-93.088864,"Other (pool, fountain, public, unknown)",False,False,fatal,1,0,0,CONFIRMED,True,ESDPA,1,dock_wiring,Broken dock wire insulation,,fresh,https://katv.com/news/local/attorney-calls-for-stricter-boat-dock-and-marina-regulations-in-arkansas
ESD-1991-07-24-1,1991-07-24,1991,Pre-NEC 555 (1981-2010),OK,,,Lake A (northeastern Oklahoma; likely Grand Lake O' the Cherokees),,36.1400892,-96.0819455,"Other (pool, fountain, public, unknown)",False,False,fatal,1,1,0,CONFIRMED,True,ESDPA,1,dock_wiring,Electrical short detected in dock wiring,,fresh,https://www.cdc.gov/mmwr/preview/mmwrhtml/00042081.htm
ESD-1993-07-00-1,1993-07,1993,Pre-NEC 555 (1981-2010),NY,Jefferson,Alexandria Bay,St. Lawrence River (Thousand Islands),,44.9968419,-74.7216551,"Other (pool, fountain, public, unknown)",False,False,fatal,2,2,0,UNVERIFIED,True,ESDPA,0,dock_wiring,Dock wiring gnawed by rodents,,fresh,
ESD-1993-07-27-1,1993-07-27,1993,Pre-NEC 555 (1981-2010),OK,,,Lake A (northeastern Oklahoma — lake name anonymized by CDC; likely Grand Lake O' the Cherokees),,36.1400892,-96.0819455,"Other (pool, fountain, public, unknown)",False,False,fatal,1,0,0,CONFIRMED,False,LOA4,1,dock_wiring,Electrical short in dock wiring transmitting current into water while dock lights illuminated,,fresh,https://www.cdc.gov/mmwr/preview/mmwrhtml/00042081.htm
ESD-1993-09-00-1,1993-09,1993,Pre-NEC 555 (1981-2010),TX,,,,,31.054487,-97.563461,"Other (pool, fountain, public, unknown)",False,False,fatal,1,0,0,UNVERIFIED,True,ESDPA,0,boat_lift,Fault in boatlift,,salt,
ESD-1993-09-05-1,1993-09-05,1993,Pre-NEC 555 (1981-2010),OK,,,Lake A (northeastern Oklahoma; likely Grand Lake O' the Cherokees),,36.1400892,-96.0819455,"Other (pool, fountain, public, unknown)",False,False,fatal,1,0,0,CONFIRMED,True,ESDPA,1,other,Submersible (submergible) water pump with exposed energized wiring,,fresh,https://www.cdc.gov/mmwr/preview/mmwrhtml/00042081.htm
ESD-1994-00-00-1,1994,1994,Pre-NEC 555 (1981-2010),DC,,Washington,Potomac River,Bolling Air Force Base (now Joint Base Anacostia-Bolling),39.0739106,-77.427643,"Other (pool, fountain, public, unknown)",False,False,fatal,1,0,0,UNVERIFIED,True,ESDPA,0,other,Bare energized wires touching metal case inside electrical junction box; ground wire intentionally or negligently cut,,fresh,
ESD-1994-00-00-2,1994,1994,Pre-NEC 555 (1981-2010),TX,,,,,31.054487,-97.563461,"Other (pool, fountain, public, unknown)",False,False,fatal,1,0,0,SUSPECTED,False,LOA1,1,boat_lift,Boatlift electrical fault,,salt,https://www.2coolfishing.com/threads/interesting-article-on-dock-shock.33461/
ESD-1995-02-00-1,1995-02,1995,Pre-NEC 555 (1981-2010),NV,Clark,,Lake Mead,,36.2130617,-114.4132805,"Other (pool, fountain, public, unknown)",False,False,fatal,1,0,0,UNVERIFIED,True,ESDPA,0,shore_power,Fault on houseboat,,fresh,
ESD-1995-08-00-1,1995-08,1995,Pre-NEC 555 (1981-2010),KY,Russell,Jamestown,Lake Cumberland,Jamestown Resort and Marina,36.9385265,-85.0196128,Freshwater marina,True,False,near-miss,0,0,7,UNVERIFIED,True,ESDPA,0,shore_power,Loss of neutral caused stray current near houseboat,,fresh,
ESD-1997-07-00-1,1997-07,1997,Pre-NEC 555 (1981-2010),DC,,Washington,Anacostia River / Potomac River,"Air Force Base, Washington DC (likely Bolling AFB / Joint Base Anacostia-Bolling)",38.8377469,-77.0170934,"Other (pool, fountain, public, unknown)",False,False,fatal,1,0,0,UNVERIFIED,True,ESDPA,0,dock_wiring,Boy walking on ice slipped and grabbed exposed wires on a dock,,fresh,
ESD-1997-07-00-2,1997-07,1997,Pre-NEC 555 (1981-2010),NV,Clark,,Lake Mead,,36.2130617,-114.4132805,"Other (pool, fountain, public, unknown)",False,False,fatal,1,0,0,SUSPECTED,False,LOA1,1,shore_power,Houseboat electrical fault,,fresh,https://www.2coolfishing.com/threads/interesting-article-on-dock-shock.33461/
ESD-1998-07-03-1,1998-07-03,1998,Pre-NEC 555 (1981-2010),WA,Chelan,Chelan,Lake Chelan,,48.0785862,-120.4757138,"Other (pool, fountain, public, unknown)",False,False,near-miss,0,1,2,UNVERIFIED,True,ESDPA,1,dock_wiring,Swim ladder energized,,fresh,https://www.2coolfishing.com/threads/interesting-article-on-dock-shock.33461/
ESD-1998-09-00-1,1998-09,1998,Pre-NEC 555 (1981-2010),CA,Sonoma,Healdsburg,Lake Sonoma,Lake Sonoma Marina (operated by concessionaire for US Army Corps of Engineers),38.7379866,-123.0627632,Freshwater marina,True,False,fatal,1,0,0,VERIFIED,True,ESDPA,6,dock_wiring,Faulty/frayed wire in electrical conduit on floating dock; conduit served gasoline pumps along docks,,fresh,https://www.tahoedailytribune.com/news/death-of-10-year-old-convinces-d-a-legislator-to-push-for-new-law/
ESD-1998-09-00-2,1998-09,1998,Pre-NEC 555 (1981-2010),CA,Solano,Rio Vista,Sacramento River / Sacramento-San Joaquin River Delta,,38.1557502,-121.6913439,Freshwater marina,True,False,fatal,2,0,0,UNVERIFIED,True,ESDPA,0,dock_wiring,Forty-year-old faulty wiring running under moored boats; insulation failure leading to ground faults,,fresh,
ESD-1999-07-00-1,1999-07,1999,Pre-NEC 555 (1981-2010),SC,,,,,33.856892,-80.945007,"Other (pool, fountain, public, unknown)",False,False,fatal,1,1,0,UNVERIFIED,True,ESDPA,0,unknown,,,fresh,
ESD-1999-07-00-2,1999-07,1999,Pre-NEC 555 (1981-2010),AZ,Mohave,,Lake Mohave,,35.6055696,-114.6561661,"Other (pool, fountain, public, unknown)",False,False,fatal,1,0,0,SUSPECTED,False,LOA1,2,shore_power,Homemade shore cord Y adapter became partly disconnected; boat had improper neutral-ground bond; hull energized,17 VAC (measured behind stern-drive),fresh,https://www.2coolfishing.com/threads/interesting-article-on-dock-shock.33461/
ESD-1999-07-18-1,1999-07-18,1999,Pre-NEC 555 (1981-2010),AZ,Mohave,,Lake Mohave,,35.6055696,-114.6561661,"Other (pool, fountain, public, unknown)",False,False,fatal,1,0,0,UNVERIFIED,True,ESDPA,0,shore_power,Homemade shore cord Y-connector that had disconnected,,fresh,
ESD-1999-07-18-2,1999-07-18,1999,Pre-NEC 555 (1981-2010),TN,DeKalb,Smithville,Center Hill Lake,Sligo Marina (B pier),35.9921594,-85.7164195,Freshwater marina,True,False,fatal,1,1,0,UNVERIFIED,True,ESDPA,0,shore_power,Houseboat electrical fault,,fresh,
ESD-1999-08-01-1,1999-08-01,1999,Pre-NEC 555 (1981-2010),OR,Columbia,Scappoose,Multnomah Channel (Willamette River),,45.7467075,-122.8360411,"Other (pool, fountain, public, unknown)",False,False,fatal,1,1,0,VERIFIED,True,ESDPA,5,shore_power,"Melted wire on docked boat allowed 120V AC shore power to energize boat's DC ground system (engines, propellers) due to lack of AC safety ground bonding",120V AC (84 VAC measured behind stern per ESDPA),fresh,https://icl.coop/water-recreation-electric-shock-drowning-lucas-story/
ESD-2000-00-00-1,2000,2000,Pre-NEC 555 (1981-2010),TN,,Lafollette,Norris Lake,Whitman Hollow Marina,36.3571627,-83.6848061,Freshwater marina,True,False,fatal,1,1,0,UNVERIFIED,True,ESDPA,0,shore_power,"Damaged power cable to houseboat; black lead energized hull, ground wire burned in two; circuit breaker did not trip due to incorrect connection",,fresh,
ESD-2000-09-00-1,2000-09,2000,Pre-NEC 555 (1981-2010),NY,Erie,Grand Island,Niagara River,,43.0569709,-79.00034,"Other (pool, fountain, public, unknown)",False,False,near-miss,0,0,1,UNVERIFIED,True,ESDPA,0,dock_wiring,"Romex wiring chafed against steel piling, energizing it",,fresh,
ESD-2000-09-30-1,2000-09-30,2000,Pre-NEC 555 (1981-2010),TN,Franklin,Winchester,Tims Ford Lake,,35.221094,-86.2721255,Private freshwater dock,False,True,fatal,2,0,1,CONFIRMED,True,ESDPA,4,dock_wiring,Live wire in water near dock; improperly installed electrical work on newly constructed dock,,fresh,https://www.mikeholt.com/newsletters.php?action=display&letterID=1442
ESD-2000-09-30-2,2000-09-30,2000,Pre-NEC 555 (1981-2010),OH,Ottawa,Put-in-Bay,Lake Erie,Possibly Crew's Nest (per local source),42.1432251,-81.2394356,"Other (pool, fountain, public, unknown)",False,False,fatal,1,0,0,UNVERIFIED,True,ESDPA,0,shore_power,Fault associated with Grand Banks 42 powerboat,,fresh,
ESD-2001-04-10-1,2001-04-10,2001,Pre-NEC 555 (1981-2010),LA,,New Orleans,,,29.9561422,-90.0733934,"Other (pool, fountain, public, unknown)",False,False,fatal,1,0,0,UNVERIFIED,True,ESDPA,0,other,Ungrounded conveyor used to transfer shrimp,,salt,
ESD-2001-06-06-1,2001-06-06,2001,Pre-NEC 555 (1981-2010),AR,Garland,Hot Springs,Lake Hamilton,Farr Shores,34.425335,-93.088864,"Other (pool, fountain, public, unknown)",False,False,fatal,1,1,0,UNVERIFIED,True,ESDPA,0,shore_power,"Reverse polarity, neutral-ground fault in a light fixture on the boat, and poor bonding to the service",,fresh,
ESD-2001-06-22-1,2001-06-22,2001,Pre-NEC 555 (1981-2010),VA,Prince William,Dumfries,Lake Montclair,"Private dock, Timber Ridge Drive, Montclair community",38.6132128,-77.3510548,Private freshwater dock,False,True,fatal,2,1,0,VERIFIED,True,ESDPA,3,charger,"Battery charger on pontoon boat plugged into wrong outlet via spliced orange utility cord, sending 117V directly into aluminum hull",117V AC,fresh,https://www.washingtonpost.com/archive/local/2001/06/23/electrical-accident-kills-two-prince-william-boys/614873ff-46d9-4dd4-9967-3389773c63b2/
ESD-2001-09-15-1,2001-09-15,2001,Pre-NEC 555 (1981-2010),MS,Harrison,Biloxi,Biloxi Bay,"Bay Marine Boat Works (151 5th St, Biloxi, MS 39530)",30.3838101,-88.8289167,"Other (pool, fountain, public, unknown)",False,False,fatal,1,0,0,UNVERIFIED,True,ESDPA,0,dock_wiring,Reverse polarity from recent electrical work,,salt,
ESD-2002-00-00-1,2002,2002,Pre-NEC 555 (1981-2010),FL,,,,Multiple Florida marinas (aggregate report),27.766279,-81.686783,"Other (pool, fountain, public, unknown)",False,False,near-miss,0,0,1,UNVERIFIED,True,ESDPA,0,shore_power,AC leakage to through-hull fittings on boats; divers felt high-level tingle while cleaning boat bottoms,,salt,https://www.2coolfishing.com/threads/interesting-article-on-dock-shock.33461/
ESD-2002-05-00-1,2002-05,2002,Pre-NEC 555 (1981-2010),KY,Wayne,Monticello,Lake Cumberland,Marina houseboat dock,36.9385265,-85.0196128,Freshwater marina,True,False,fatal,2,0,0,CONFIRMED,True,ESDPA,1,shore_power,125V plug at boat end of shore cord rewired by owner for 220V; L2 connected to ground pin; ground lead cut and taped off; hull rose to line potential,125/250V (modified from 125V); estimated 0.01-0.02A in water,fresh,https://www.ecmweb.com/content/article/20891105/the-case-of-the-hot-marina
ESD-2002-05-00-2,2002-05,2002,Pre-NEC 555 (1981-2010),TX,Tarrant,Arlington,Apartment complex swimming pool,"Apartment complex pool, Arlington TX",32.7355816,-97.1071186,"Other (pool, fountain, public, unknown)",False,False,fatal,1,1,0,CONFIRMED,False,LOA4,1,pool_pump,Faulty wiring in underwater pool lighting fixtures,,pool,https://www.cpsc.gov/Newsroom/News-Releases/2003/Dont-Swim-With-Shocks-CPSC-American-Red-Cross-Warn-of-Electrocutions-in-Swimming-Pools-Hot-Tubs-and-Spas
ESD-2002-07-00-1,2002-07,2002,Pre-NEC 555 (1981-2010),GA,,,Allatoona Lake,,34.1327957,-84.6295701,"Other (pool, fountain, public, unknown)",False,False,near-miss,0,1,2,UNVERIFIED,True,ESDPA,0,shore_power,Houseboat shore power cord energizing water,,fresh,
ESD-2002-10-00-1,2002-10,2002,Pre-NEC 555 (1981-2010),SC,,,Lake Murray,,34.0850435,-81.2743362,"Other (pool, fountain, public, unknown)",False,False,near-miss,0,0,1,UNVERIFIED,True,ESDPA,0,dock_wiring,High-level fault currents found in dock frame,,fresh,
ESD-2003-05-00-1,2003-05,2003,Pre-NEC 555 (1981-2010),GA,,,Allatoona Lake,Private houseboat dock,34.1327957,-84.6295701,Private freshwater dock,False,True,non-fatal,0,0,0,UNVERIFIED,True,ESDPA,0,shore_power,"Shore power cord separated in the middle as houseboat pulled away; 125V plug rewired by owner for 220V with L2 connected to ground pin, ground lead cut and taped off; hull rose to line potential",125/250V,fresh,
ESD-2003-05-08-1,2003-05-08,2003,Pre-NEC 555 (1981-2010),FL,Lee,North Fort Myers,Canal (Caloosahatchee River estuary area),Private dock with boat lift,28.8849077,-81.271505,"Other (pool, fountain, public, unknown)",False,False,fatal,2,0,0,VERIFIED,True,ESDPA,3,boat_lift,"Rebar had penetrated through a power cable to the boat lift, energizing the lift frame",,salt,https://www.orlandosentinel.com/2003/05/10/2-teens-electrocuted-in-canal-2/
ESD-2003-08-00-1,2003-08,2003,Pre-NEC 555 (1981-2010),KY,Taylor,Campbellsville,Green River Lake,,37.2508354,-85.3005975,Freshwater marina,True,False,near-miss,0,0,1,UNVERIFIED,True,ESDPA,0,shore_power,Houseboat with 4 amps of leakage and 8 VAC hull potential; faulty inverter neutral/ground fault,8 VAC hull potential; 4 amps leakage,fresh,
ESD-2004-05-31-1,2004-05-31,2004,Pre-NEC 555 (1981-2010),KY,Livingston,Grand Rivers,Lake Barkley,,36.8006785,-87.979596,"Other (pool, fountain, public, unknown)",False,False,near-miss,0,0,3,UNVERIFIED,True,ESDPA,0,shore_power,Incorrect wiring on rented houseboat caused ground fault via shore power,,fresh,
ESD-2004-06-05-1,2004-06-05,2004,Pre-NEC 555 (1981-2010),NC,,Charlotte,Lake Wylie,Houseboat dock,35.110422,-81.0538064,"Other (pool, fountain, public, unknown)",False,False,fatal,1,1,0,UNVERIFIED,True,ESDPA,0,dock_wiring,"Substantial wiring errors on dock and boat, apparently done by non-qualified individuals",,fresh,
ESD-2004-06-19-1,2004-06-19,2004,Pre-NEC 555 (1981-2010),TX,Travis,Austin,Lake Travis,Marina dock,30.4645913,-98.0783472,Freshwater marina,True,False,fatal,1,0,0,UNVERIFIED,True,ESDPA,0,dock_wiring,,,fresh,
ESD-2004-06-19-2,2004-06-19,2004,Pre-NEC 555 (1981-2010),NC,Columbus,Lake Waccamaw,Lake Waccamaw,Private dock with motorized boat lift,34.3221707,-78.5220264,Private freshwater dock,False,True,fatal,1,0,0,CONFIRMED,True,ESDPA,1,boat_lift,Either motor had internal short to casing or water-filled junction box created conductive path between hot and ground wires,120V,fresh,https://www.ecmweb.com/design/case-floating-dock
ESD-2004-07-00-1,2004-07,2004,Pre-NEC 555 (1981-2010),AZ,Maricopa,,Saguaro Lake,Saguaro Lake Marina,33.5671984,-111.5235893,Freshwater marina,True,False,near-miss,0,0,1,UNVERIFIED,True,ESDPA,0,shore_power,Shore cable from pontoon houseboat energizing water near dock,,fresh,
ESD-2004-07-00-2,2004-07,2004,Pre-NEC 555 (1981-2010),CA,,,Sacramento River,,40.6214141,-122.4461499,"Other (pool, fountain, public, unknown)",False,False,near-miss,0,1,2,UNVERIFIED,True,ESDPA,0,other,Mis-wiring on one boat on generator power caused ground fault,,fresh,
ESD-2004-08-08-1,2004-08-08,2004,Pre-NEC 555 (1981-2010),TX,Travis,Austin,Lake Travis,Marina dock (between two sections),30.4645913,-98.0783472,Freshwater marina,True,False,fatal,1,0,0,SUSPECTED,True,LOA2,0,dock_wiring,Shore power present at marina dock; victim was swimming between two sections of the dock in the evening,,fresh,https://www.mikeholt.com/files/PDF/Electric_Shock_Drowning_Incident_List_5-6-20.pdf
ESD-2004-09-12-1,2004-09-12,2004,Pre-NEC 555 (1981-2010),MS,Madison,Ridgeland,Ross Barnett Reservoir,Main Harbor Marina,31.8332161,-89.5895143,Freshwater marina,True,False,fatal,1,0,1,VERIFIED,True,ESDPA,4,shore_power,Homemade shore power cord shorted to houseboat metal siding; boat ladder was electrified and leaking voltage,,fresh,https://www.huffpost.com/entry/esd-hidden-danger-in-fres_b_693454
ESD-2004-09-13-1,2004-09-13,2004,Pre-NEC 555 (1981-2010),MO,Camden,Lake of the Ozarks,Lake of the Ozarks,Private dock,38.1443725,-92.6594744,Private freshwater dock,False,True,fatal,1,0,0,CONFIRMED,True,ESDPA,3,dock_wiring,Dock cable shocked victim causing him to fall into the water,,fresh,https://www.columbiamissourian.com/news/local/family-files-suit-in-electrocution-at-lake-of-the-ozarks/article_91dbb502-aa2a-5122-9db2-ea3547b557e2.html
ESD-2005-06-24-1,2005-06-24,2005,Pre-NEC 555 (1981-2010),NY,,,Lake Ontario,,43.3639683,-78.2326163,"Other (pool, fountain, public, unknown)",False,False,near-miss,0,1,0,UNVERIFIED,True,ESDPA,0,dock_wiring,Missing ground wire in dock wiring,,fresh,
ESD-2005-06-28-1,2005-06-28,2005,Pre-NEC 555 (1981-2010),KY,Rowan,Morehead,Cave Run Lake,Scotts Creek Marina,38.0364236,-83.4742679,Freshwater marina,True,False,fatal,1,1,0,VERIFIED,True,ESDPA,4,charger,Faulty battery charger on houseboat caused AC current leakage energizing the hull,,fresh,https://www.kentucky.com/news/politics-government/article44497146.html
ESD-2005-07-00-1,2005-07,2005,Pre-NEC 555 (1981-2010),NY,Kings,Brooklyn,,"Private marina, Brooklyn",40.6526006,-73.9497211,"Other (pool, fountain, public, unknown)",False,False,near-miss,0,0,1,UNVERIFIED,True,ESDPA,0,other,Recently installed water heater with neutral-ground short,40 VAC measured,salt,
ESD-2006-03-18-1,2006-03-18,2006,Pre-NEC 555 (1981-2010),MO,Jefferson,DeSoto,Spring Lake (Summerset Lake subdivision),Private dock with electric boat lift and lighting,38.0970704,-90.5760172,Private freshwater dock,False,True,fatal,1,2,1,VERIFIED,True,ESDPA,8,dock_wiring,"Defective/missing neutral on nearby AmerenUE underground 7,200V power distribution cable; neutral current returned via earth to substation; concentrated at bonded swim ladder","7,200V distribution; 4-6 VAC measured 2ft from ladder; 10A in dock supply cable",fresh,https://www.stlpr.org/other/2006-03-19/de-soto-teen-electrocuted-in-lake-two-others-hurt
ESD-2006-05-21-1,2006-05-21,2006,Pre-NEC 555 (1981-2010),AL,Cherokee,Centre,Weiss Lake,Private dock/pier,34.2020407,-85.6620895,Private freshwater dock,False,True,fatal,1,2,0,VERIFIED,True,ESDPA,3,dock_wiring,Unidentified electrical source at pier; ESDPA mentions electric windmill on dock but not confirmed by independent sources,,fresh,https://www.northwestgeorgianews.com/man-dies-after-electrocution-in-ala-lak-local-new/article_ec316668-a908-5326-9f47-e4febddf9799.html
ESD-2006-05-22-1,2006-05-22,2006,Pre-NEC 555 (1981-2010),WI,Racine,Racine,Lake Michigan,Racine Harbor,44.099995,-87.6334166,Freshwater marina,True,False,fatal,1,0,0,UNVERIFIED,True,ESDPA,0,shore_power,Reverse polarity detected; wife noted reverse polarity light flickered on and went out when power was applied to vessel,,fresh,
ESD-2006-06-25-1,2006-06-25,2006,Pre-NEC 555 (1981-2010),AR,Garland,Royal,Lake Ouachita,Brady Mountain Resort,34.6157417,-93.412892,Freshwater marina,True,False,fatal,1,1,1,VERIFIED,True,ESDPA,3,extension_cord,Ungrounded electrical cord operated by boat owner; electricity reached ladder leading into water,,fresh,https://www.kait8.com/story/5075774/teen-dies-after-being-exposed-to-electricity-current/
ESD-2006-07-02-1,2006-07-02,2006,Pre-NEC 555 (1981-2010),MN,Douglas,,Lake L'Homme Dieu,,45.9282176,-95.3529204,"Other (pool, fountain, public, unknown)",False,False,near-miss,0,1,2,UNVERIFIED,True,ESDPA,0,extension_cord,Extension cord powering a boat lift caught by boat propeller,,fresh,
ESD-2006-07-14-1,2006-07-14,2006,Pre-NEC 555 (1981-2010),MI,St. Clair,Port Huron,Black River,"River Street Marina, near 10th Street Bridge",46.5119078,-90.0538641,Freshwater marina,True,False,fatal,1,2,0,VERIFIED,True,ESDPA,4,shore_power,Faulty shore power cord energized boat and surrounding water; main power switch was off but electricity continued flowing through defective cord; circuit breaker failed to trip,,fresh,https://www.newspapers.com/article/the-times-herald-7-14-2006-electric-shoc/48562388/
ESD-2006-07-24-1,2006-07-24,2006,Pre-NEC 555 (1981-2010),MO,,Lake of the Ozarks,Lake of the Ozarks,"Private dock, 81 Mile Marker",38.1443725,-92.6594744,Private freshwater dock,False,True,fatal,1,0,0,CONFIRMED,True,ESDPA,1,dock_wiring,Metal swim ladder on private dock was energized,,fresh,https://www.lakeexpo.com/news/top_stories/young-woman-dies-at-lake-of-the-ozarks/article_57661764-1fb0-5839-abbb-7d20dc7c2d16.html
ESD-2006-07-24-2,2006-07-24,2006,Pre-NEC 555 (1981-2010),GA,Forsyth,Cumming,Lake Lanier,"Family lake home, private dock",34.2930593,-83.938223,Private freshwater dock,False,True,fatal,1,3,0,VERIFIED,True,ESDPA,4,dock_wiring,Exposed wire grabbed while standing in water working on a personal watercraft beside a metal dock,,fresh,https://www.wistv.com/story/5197330/teenager-electrocuted-at-lake-lanier/
ESD-2006-08-00-1,2006-08,2006,Pre-NEC 555 (1981-2010),WI,Racine,Racine,Lake Michigan,,44.099995,-87.6334166,Freshwater marina,True,False,near-miss,0,0,1,UNVERIFIED,True,ESDPA,0,other,Faulty water heater neutral wire on boat in adjacent slip,,fresh,
ESD-2007-07-01-1,2007-07-01,2007,Pre-NEC 555 (1981-2010),True,,Kingston,Lake Ontario,Collins Bay Marina,,,Freshwater marina,True,False,near-miss,0,0,1,UNVERIFIED,True,ESDPA,0,charger,Battery charger on moored sailboat had short circuit,,fresh,
ESD-2007-07-20-1,2007-07-20,2007,Pre-NEC 555 (1981-2010),OK,Oklahoma,Edmond,Lake Arcadia,,35.6271991,-97.3941706,"Other (pool, fountain, public, unknown)",False,False,near-miss,0,1,1,UNVERIFIED,True,ESDPA,0,dock_wiring,High water submerged electrical outlets at end of dock,,fresh,
ESD-2007-07-28-1,2007-07-28,2007,Pre-NEC 555 (1981-2010),MO,,Lake of the Ozarks,Lake of the Ozarks,Private dock,38.1443725,-92.6594744,Private freshwater dock,False,True,fatal,1,0,0,SUSPECTED,True,LOA2,0,dock_wiring,Dock power wiring termination found submerged under the dock near the exit point,,fresh,http://www.electricshockdrowning.org/uploads/4/8/5/6/48564375/esd_incident_list_-_updated_5.9.16.pdf
ESD-2007-08-28-1,2007-08-28,2007,Pre-NEC 555 (1981-2010),NY,Erie,Eden,Private farm pond,,42.6523734,-78.8954064,"Other (pool, fountain, public, unknown)",False,False,near-miss,0,1,0,CONFIRMED,True,ESDPA,2,other,"Submersible irrigation pump with deteriorated wire sheathing, not grounded; installed prior to 1994",,fresh,https://www.emsworld.com/news/10408713/improbable-coincidences-help-save-new-york-shock-victim
ESD-2007-09-00-1,2007-09,2007,Pre-NEC 555 (1981-2010),FL,Lee,,Caloosahatchee River,Franklin Lock Campground,26.7214836,-81.692193,Freshwater marina,True,False,near-miss,0,0,1,UNVERIFIED,True,ESDPA,0,shore_power,Shore power fault; breaker tripped,,fresh,
ESD-2008-06-13-1,2008-06-13,2008,Pre-NEC 555 (1981-2010),NC,Brunswick,Ocean Isle Beach,Atlantic Ocean / Intracoastal Waterway,"Ocean Isle Beach Marina, 2000 Sommerset Rd SW",33.8943393,-78.426672,"Other (pool, fountain, public, unknown)",False,False,fatal,1,0,0,CONFIRMED,False,LOA4,1,dock_wiring,Electric drill plugged into marina receptacle lacking GFCI protection; worker had feet in water,,salt,https://www.osha.gov/ords/imis/accidentsearch.accident_detail?id=200357044
ESD-2008-08-23-1,2008-08-23,2008,Pre-NEC 555 (1981-2010),AR,Garland,Hot Springs,Lake Hamilton,Lake Hamilton Resort,34.425335,-93.088864,Freshwater marina,True,False,fatal,1,2,0,CONFIRMED,True,ESDPA,2,dock_wiring,103 VAC measured on ladder; unbonded metal pole welded to dock with halogen light,103 VAC,fresh,https://www.kait8.com/story/8913999/teen-dies-2-injured-at-lake-hamilton/
ESD-2010-05-24-1,2010-05-24,2010,Pre-NEC 555 (1981-2010),IA,Cerro Gordo,Clear Lake,Clear Lake,Neighbor's dock at 3830 N. Shore Drive,43.1370751,-93.3813637,Private freshwater dock,False,True,near-miss,0,1,0,CONFIRMED,True,ESDPA,1,boat_lift,Neighbor's dock hoist (boat lift) energizing water,,fresh,https://globegazette.com/news/local/ankeny-man-in-good-condition-after-clear-lake-dock-shock/article_54b85190-66f6-11df-9032-001cc4c002e0.html
ESD-2010-05-29-1,2010-05-29,2010,Pre-NEC 555 (1981-2010),WV,Lewis,Weston,Stonewall Jackson Lake,Stonewall Jackson Lake Marina,38.9555775,-80.4989078,Freshwater marina,True,False,fatal,1,1,0,VERIFIED,True,ESDPA,8,dock_wiring,Current from dock leaked into water around houseboat; ESDPA describes reversed hot/ground in shore cord,,fresh,https://accidents.thedoanlawfirm.com/blog/2010/july/electric-shock-likely-cause-of-west-virginia-dro/
ESD-2010-05-29-2,2010-05-29,2010,Pre-NEC 555 (1981-2010),NC,Columbus,Lake Waccamaw,Lake Waccamaw,"Private covered dock with boat lift, approximately 200 feet from shore",34.3221707,-78.5220264,Private freshwater dock,False,True,fatal,1,0,1,CONFIRMED,True,ESDPA,1,dock_wiring,Severed equipment ground conductor in house crawl space; water-filled junction box beneath dock creating conductive path between live wire and water,120V,fresh,https://www.ecmweb.com/design/case-floating-dock
ESD-2010-06-00-1,2010-06,2010,Pre-NEC 555 (1981-2010),AL,,,Lewis Smith Lake,Private dock,34.0700321,-86.9791442,Private freshwater dock,False,True,fatal,1,0,0,UNVERIFIED,True,ESDPA,0,dock_wiring,,,fresh,
ESD-2010-06-21-1,2010-06-21,2010,Pre-NEC 555 (1981-2010),SC,York,York,,Residential swimming pool,34.9603293,-81.1655408,"Other (pool, fountain, public, unknown)",False,False,fatal,1,1,0,UNVERIFIED,True,ESDPA,0,other,Pool railing was energized with electrical current,,pool,
ESD-2010-06-24-1,2010-06-24,2010,Pre-NEC 555 (1981-2010),TX,Travis,,Lake Travis,,30.4645913,-98.0783472,"Other (pool, fountain, public, unknown)",False,False,near-miss,0,1,1,UNVERIFIED,True,ESDPA,0,boat_lift,Shoddy boat lift wiring,,fresh,
ESD-2010-07-03-1,2010-07-03,2010,Pre-NEC 555 (1981-2010),TN,Blount,Friendsville,Fort Loudoun Lake,International Harbor,35.7919204,-84.2431703,Freshwater marina,True,False,near-miss,0,1,3,UNVERIFIED,True,ESDPA,0,dock_wiring,Electrical fault near docked boat at marina,,fresh,
ESD-2010-07-10-1,2010-07-10,2010,Pre-NEC 555 (1981-2010),KY,Taylor,Campbellsville,Green River Lake,,37.2508354,-85.3005975,"Other (pool, fountain, public, unknown)",False,False,near-miss,0,2,1,CONFIRMED,True,ESDPA,2,shore_power,Houseboat electrical system energizing water; voltage persisted even after power was turned off,,fresh,https://www.poynter.org/reporting-editing/2010/electric-shock-danger-lurks-in-fresh-water/
ESD-2010-07-25-1,2010-07-25,2010,Pre-NEC 555 (1981-2010),IN,Carroll,Monticello,Lake Freeman,Angel Shores Resort (private dock),39.8491355,-86.267953,Private freshwater dock,False,True,fatal,1,0,0,VERIFIED,True,ESDPA,8,dock_wiring,Water-soaked electrical junction box on dock conducted current through dock metal,,fresh,https://www.newsbug.info/monticello_herald_journal/news/coroner-releases-cause-of-death-for-teen/article_ef5abe70-af77-5295-bef3-eb7319217cea.html
ESD-2010-07-31-1,2010-07-31,2010,Pre-NEC 555 (1981-2010),VT,,,Lake Champlain,,44.3214254,-73.319416,"Other (pool, fountain, public, unknown)",False,False,near-miss,0,0,3,CONFIRMED,True,ESDPA,1,unknown,,,fresh,https://www.huffpost.com/entry/esd-hidden-danger-in-fres_b_693454
ESD-2010-09-01-1,2010-09-01,2010,Pre-NEC 555 (1981-2010),FL,Miami-Dade,Palmetto Bay,Small lake at Perrine Wayside Dog Park,"Perrine Wayside Dog Park (Village Dog Park), 16425 S. Dixie Highway",25.6217715,-80.3247748,"Other (pool, fountain, public, unknown)",False,False,near-miss,0,0,1,CONFIRMED,True,ESDPA,1,fountain,Fountain pump and wiring in park lake energizing water; remained energized even after being turned off,,fresh,https://communitynewspapers.com/palmetto-bay-news/village-dog-park-reopens-nearly-a-month-after-incident/
ESD-2010-09-05-1,2010-09-05,2010,Pre-NEC 555 (1981-2010),SC,Anderson,Anderson,Hartwell Lake,,34.5491573,-83.1134681,"Other (pool, fountain, public, unknown)",False,False,near-miss,0,1,0,UNVERIFIED,True,ESDPA,0,dock_wiring,Grounding problem on dock; girl grabbed electrical wire,,fresh,
ESD-2011-03-18-1,2011-03-18,2011,NEC 2011 era (2011-2016),TX,Harris,Houston,Retention pond,,30.1068613,-95.4405823,"Other (pool, fountain, public, unknown)",False,False,near-miss,0,0,1,UNVERIFIED,True,ESDPA,0,fountain,Faulty retention pond fountain pump/wiring,,fresh,
ESD-2011-05-28-1,2011-05-28,2011,NEC 2011 era (2011-2016),MN,Wabasha,Lake City,Lake Pepin,"Family home, 1400 Central Point",44.4942391,-92.2974883,Private freshwater dock,False,True,fatal,1,1,0,VERIFIED,True,ESDPA,3,boat_lift,Boat lift had an electrical track running underwater to the shore that was energized,,fresh,https://www.in-depthoutdoors.com/community/forums/topic/ftlgeneral_1016799/
ESD-2011-06-21-1,2011-06-21,2011,NEC 2011 era (2011-2016),WV,Kanawha,Charleston,Kanawha River,Lou Wendell Marine,38.3729384,-81.7004094,Freshwater marina,True,False,near-miss,0,1,0,UNVERIFIED,True,ESDPA,0,dock_wiring,Grounded neutral in pedestal,,fresh,
ESD-2011-07-25-1,2011-07-25,2011,NEC 2011 era (2011-2016),IL,Whiteside,Tampico,,Cornfield with center pivot irrigation system,41.6324811,-89.7850393,"Other (pool, fountain, public, unknown)",False,False,fatal,2,8,0,VERIFIED,True,ESDPA,7,other,"Lightning struck meter box of center pivot irrigation system, energizing electrical components and causing current to flow into standing water in field",,fresh,https://www.shawlocal.com/2011/07/25/two-sterling-teens-electrocuted-8-others-hurt-in-detasseling-accident/apsrqhi/
ESD-2011-08-15-1,2011-08-15,2011,NEC 2011 era (2011-2016),GA,Putnam,,Lake Sinclair,Private dock between two houseboats,33.2449723,-83.2556639,Private freshwater dock,False,True,fatal,1,1,1,UNVERIFIED,True,ESDPA,0,dock_wiring,Box or bare wire between two docked houseboats on dock being worked on,,fresh,
ESD-2011-08-15-2,2011-08-15,2011,NEC 2011 era (2011-2016),MI,Grand Traverse,Traverse City,West Grand Traverse Bay,"Duncan L. Clinch Marina, F-Dock",44.743288,-85.5600483,Freshwater marina,True,False,fatal,1,1,0,VERIFIED,True,ESDPA,11,dock_wiring,"Short circuit in 220-volt line with corroded/worn insulation in metal junction box (design specified fiberglass boxes); circuit breaker failed to trip; corroded, broken, and overheated equipment ground materials",220V,fresh,https://www.northernexpress.com/news/feature/article-5962-the-50-million-electrocution-case/
ESD-2011-08-28-1,2011-08-28,2011,NEC 2011 era (2011-2016),CT,Fairfield,Norwalk,Long Island Sound,Near Shady Beach,41.0508886,-72.9479898,"Other (pool, fountain, public, unknown)",False,False,near-miss,0,0,2,UNVERIFIED,True,ESDPA,0,other,Hurricane Irene floodwater energized by downed power lines or submerged electrical equipment,,salt,
ESD-2012-05-28-1,2012-05-28,2012,NEC 2011 era (2011-2016),MO,Camden,,Lake of the Ozarks,,38.1443725,-92.6594744,"Other (pool, fountain, public, unknown)",False,False,near-miss,0,1,2,UNVERIFIED,True,ESDPA,0,dock_wiring,No GFCI present; inadequate ground wire,,fresh,
ESD-2012-06-27-1,2012-06-27,2012,NEC 2011 era (2011-2016),FL,Orange,Kissimmee,Mini-golf pond,"Orange Lake Resort, miniature golf course",28.3617986,-81.6218062,"Other (pool, fountain, public, unknown)",False,False,fatal,1,1,0,VERIFIED,True,ESDPA,6,pool_pump,Faulty pump connected to wrong circuit breaker; missing GFCI protection on pond fountain,,fountain,https://abcnews.go.com/blogs/headlines/2012/06/girl-11-electrocuted-playing-mini-golf
ESD-2012-07-04-1,2012-07-04,2012,NEC 2011 era (2011-2016),MO,Camden,Lake of the Ozarks,Lake of the Ozarks,"Private dock, Gravois Arm, 6.5 Mile Marker",38.1443725,-92.6594744,Private freshwater dock,False,True,fatal,2,0,0,VERIFIED,True,ESDPA,7,dock_wiring,Chafed hot wire shorted to unbonded dock framing,,fresh,https://www.lakeexpo.com/news/lake_news/two-children-die-from-electrocution-on-gravois-arm/article_086f71be-c61d-11e1-840d-0019bb2963f4.html
ESD-2012-07-04-2,2012-07-04,2012,NEC 2011 era (2011-2016),TN,Grainger,Bean Station,Cherokee Lake,German Creek Marina,36.2655438,-83.377914,Freshwater marina,True,False,fatal,2,1,1,VERIFIED,True,ESDPA,7,shore_power,Frayed/faulty wiring aboard a houseboat; marina lacked ground fault interrupters,,fresh,https://www.timesnews.net/news/local-news/electric-shock-drowning-killed-2-children-on-cherokee-lake-10-years-ago-july-4/article_08e8177e-d88a-11ec-9b4f-d3749e80e778.html
ESD-2012-07-07-2,2012-07-07,2012,NEC 2011 era (2011-2016),MO,Morgan,,Lake of the Ozarks,"Private dock, Dry Branch Cove, 5-mile marker",38.1443725,-92.6594744,Private freshwater dock,False,True,fatal,1,0,0,VERIFIED,True,ESDPA,4,dock_wiring,Private dock with faulty wiring at Dry Branch Cove,,fresh,https://www.columbiamissourian.com/news/update-woman-electrocuted-at-lake-of-the-ozarks/article_08836cf9-93e2-5152-9550-7a83dfeb79fd.html
ESD-2012-07-23-1,2012-07-23,2012,NEC 2011 era (2011-2016),MO,Camden,,Lake of the Ozarks,Dock under electrical repairs,38.1443725,-92.6594744,"Other (pool, fountain, public, unknown)",False,False,near-miss,0,0,3,UNVERIFIED,True,ESDPA,0,dock_wiring,Dock under electrical repairs; power turned off after shock detected,,fresh,
ESD-2012-07-07-1,2012-07-25,2012,NEC 2011 era (2011-2016),MN,Itasca,Cohasset,Pokegama Lake,"Private dock, Hill Top Trail",45.8438829,-93.0397912,Private freshwater dock,False,True,fatal,1,2,0,VERIFIED,True,ESDPA,2,extension_cord,Extension cord fell into water from boat lift at private dock,,fresh,https://www.cbsnews.com/minnesota/news/cord-electrocutes-owatonna-man-at-minn-boatlift/
ESD-2012-08-04-1,2012-08-04,2012,NEC 2011 era (2011-2016),MO,Camden,,Lake of the Ozarks,Dock at Gravois Arm,38.1443725,-92.6594744,Private freshwater dock,False,True,near-miss,0,0,2,UNVERIFIED,True,ESDPA,0,dock_wiring,Dock ladder energized,,fresh,
ESD-2012-08-14-1,2012-08-14,2012,NEC 2011 era (2011-2016),CA,Orange,Garden Grove,Residential backyard swimming pool,,33.7746292,-117.9463717,"Other (pool, fountain, public, unknown)",False,False,near-miss,0,2,1,VERIFIED,True,ESDPA,2,other,Pool electrical fault; pool had underwater lighting and recent electrical work,,pool,https://abc7.com/archive/8772430/
ESD-2012-08-22-1,2012-08-22,2012,NEC 2011 era (2011-2016),CA,Los Angeles,Los Angeles,,"Magnolia Boulevard at Ben Avenue, Valley Village",34.0536909,-118.242766,"Other (pool, fountain, public, unknown)",False,False,fatal,2,8,0,VERIFIED,True,ESDPA,8,overhead_line,"Car crash knocked down fire hydrant and light pole; water from hydrant contacted exposed electrical lines at 4,800 volts","4,800V (estimated by LAFD)",fresh,https://abcnews.go.com/blogs/headlines/2012/08/two-good-samaritans-electrocuted-trying-to-help-in-los-angeles-accident
ESD-2012-08-30-1,2012-08-30,2012,NEC 2011 era (2011-2016),ID,Bingham,Blackfoot,Irrigation canal,Irrigation canal approximately 3 miles NW of Blackfoot,42.9836755,-116.0947638,"Other (pool, fountain, public, unknown)",False,False,fatal,3,0,0,VERIFIED,True,ESDPA,7,other,"Broken ground wire between transformer pole and service pole energized the ground wire between service pole and irrigation pump, electrifying the canal water",,fresh,https://www.espn.com/college-sports/story/_/id/8322304/idaho-state-bengals-coach-2-others-die-electrocution
ESD-2012-09-27-1,2012-09-27,2012,NEC 2011 era (2011-2016),TN,Franklin,Winchester,Tims Ford Lake,Private dock at family home,35.221094,-86.2721255,Private freshwater dock,False,True,fatal,1,0,0,VERIFIED,True,ESDPA,5,dock_wiring,"Lightning had struck the house, damaging wiring from house to dock, causing area around dock to be live with electricity",,fresh,https://www.tuscaloosanews.com/story/news/2012/10/02/popular-ua-professor-39-dies-in-tennessee/29898145007/
ESD-2012-09-27-2,2012-09-27,2012,NEC 2011 era (2011-2016),GA,Sumter,Americus,,"South Georgia Technical College, decorative fountain",31.9735437,-83.7448913,"Other (pool, fountain, public, unknown)",False,False,fatal,1,0,0,VERIFIED,True,ESDPA,5,other,Decorative fountain on college campus with 17 electrical code violations,,fountain,https://www.walb.com/story/19661853/female-student-dies-on-south-georgia-techs-campus/
ESD-2013-05-20-1,2013-05-20,2013,NEC 2011 era (2011-2016),KY,Grayson,Peter Cave,Rough River Lake,Dock near Peter Cave marina,37.5901776,-86.4696906,Freshwater marina,True,False,fatal,1,0,0,VERIFIED,True,ESDPA,7,shore_power,"Two energized shore power cords fell into water; one from dock power pedestal, one from houseboat; coupling submerged",Low voltage (120V residential),fresh,https://www.whas11.com/article/news/local/vine-grove-man-dies-in-rough-river-lake-trying-to-save-dog/417-322618231
ESD-2013-05-27-1,2013-05-27,2013,NEC 2011 era (2011-2016),GA,Hall,Gainesville,Lake Lanier,Private dock (Evelyn Morrison residence),34.2930593,-83.938223,Private freshwater dock,False,True,near-miss,0,0,2,CONFIRMED,True,ESDPA,1,dock_wiring,Gary Muter and 6-year-old granddaughter Ava were 10 feet from dock when Gary felt a jolt in his elbow; he grabbed Ava and both exited water safely,,fresh,https://www.gainesvilletimes.com/news/family-dodges-tragedy-in-learning-about-electric-shock-drowning/
ESD-2013-06-18-1,2013-06-18,2013,NEC 2011 era (2011-2016),MO,Scott,Scott City,,Private residence — flooded basement,37.2163497,-89.5261244,"Other (pool, fountain, public, unknown)",False,False,near-miss,0,0,1,UNVERIFIED,True,ESDPA,0,other,Woman shocked while unplugging cords in flooded basement; survived by floating on furniture,,fresh,
ESD-2013-06-30-1,2013-06-30,2013,NEC 2011 era (2011-2016),KY,Pulaski,Burnside,Lake Cumberland,"Private dock, Garland Bend Road",36.9385265,-85.0196128,Private freshwater dock,False,True,fatal,1,0,1,VERIFIED,True,ESDPA,8,extension_cord,Extension cord powering fish finder/light at dock; cord slipped behind aluminum ladder and frayed against sharp rock,110V AC,fresh,https://www.kentucky.com/news/state/kentucky/article44432142.html
ESD-2013-07-00-1,2013-07,2013,NEC 2011 era (2011-2016),NC,,Lake Norman,Lake Norman,Private dock,35.5923267,-80.932986,Private freshwater dock,False,True,near-miss,0,0,1,UNVERIFIED,True,ESDPA,0,dock_wiring,Man felt electric shock and paralysis while swimming off a docked boat; managed to move far enough away to regain muscle control,,fresh,
ESD-2013-07-04-1,2013-07-04,2013,NEC 2011 era (2011-2016),MN,Sherburne,Orrock Township,Eagle Lake,"Private dock, 2300 block of 188th Street",44.1649669,-93.8813419,Private freshwater dock,False,True,fatal,1,1,0,CONFIRMED,True,ESDPA,2,charger,Plugged-in battery charger immersed in water when victim slipped,,fresh,https://www.cbsnews.com/minnesota/news/man-dies-while-charging-boat-battery-on-eagle-lake/
ESD-2013-07-11-1,2013-07-11,2013,NEC 2011 era (2011-2016),MO,Camden,Lake of the Ozarks,Lake of the Ozarks,Dock near 35 Mile Marker,38.1443725,-92.6594744,"Other (pool, fountain, public, unknown)",False,False,near-miss,0,0,8,UNVERIFIED,True,ESDPA,0,dock_wiring,Eight college girls swimming at 35 mile marker; one girl's arm went numb; others shocked while exiting water at a nearby dock,,fresh,
ESD-2013-07-16-1,2013-07-16,2013,NEC 2011 era (2011-2016),NC,Davidson,Lexington,Brookside Swim Club pool,Brookside Swim Club,35.8240265,-80.2533838,"Other (pool, fountain, public, unknown)",False,False,fatal,1,0,2,VERIFIED,True,ESDPA,5,overhead_line,Failed connector on power pole caused line to fall; current traveled through saturated ground to pool metal ladder,,pool,https://myfox8.com/2013/07/16/girl-11-fatally-electrocuted-at-brookside-swim-club/
ESD-2013-07-19-1,2013-07-19,2013,NEC 2011 era (2011-2016),NY,Onondaga,Syracuse,Inflatable pool (backyard),"Private residence, Second North Street",41.0551391,-73.8613044,"Other (pool, fountain, public, unknown)",False,False,fatal,1,0,1,VERIFIED,True,ESDPA,9,extension_cord,Extension cord or electric pump plugged into outlet; contact while filling inflatable pool,,pool,https://auburnpub.com/news/local/syracuse-girl-electrocuted-in-inflatable-pool/article_9c3d4ea0-cdaa-5040-844d-283d4d6449fd.html
ESD-2013-07-24-1,2013-07-24,2013,NEC 2011 era (2011-2016),GA,Gilmer,Ellijay,,Private residence (babysitting location),34.6950278,-84.4827394,"Other (pool, fountain, public, unknown)",False,False,fatal,1,0,0,VERIFIED,True,ESDPA,5,overhead_line,Storm-downed power line; current traveled 25 feet through wet ground/standing water,,fresh,https://www.wsbtv.com/news/local/gilmer-co-teen-electrocuted-downed-power-line/242157291/
ESD-2013-08-31-1,2013-08-31,2013,NEC 2011 era (2011-2016),TX,Harris,Houston,Hotel swimming pool,"Hilton Houston Westchase, 9999 Westheimer Road",29.7612326,-95.4598077,"Other (pool, fountain, public, unknown)",False,False,fatal,1,3,0,VERIFIED,True,ESDPA,9,pool_pump,Improper wiring to pool light by Brown Electrical Inc.; no GFCI protection; unpermitted work,,pool,https://www.courthousenews.com/family-sues-hilton-over-electrocution-in-pool/
ESD-2014-00-00-2,2014,2014,NEC 2011 era (2011-2016),PA,Philadelphia,Philadelphia,Public swimming pool,"O'Connor Pool, 26th and South Streets",40.5223608,-79.9661007,"Other (pool, fountain, public, unknown)",False,False,non-fatal,0,3,0,CONFIRMED,False,LOA1,2,pool_equipment,Electrical current through pool ladder; specific cause not disclosed in news reports,,pool,https://www.inquirer.com/philly/news/20160603_The_shocking_danger_of_swimming_pools.html
ESD-2014-04-13-1,2014-04-13,2014,NEC 2011 era (2011-2016),FL,Miami-Dade,North Miami,Private swimming pool,"Private residence, 13005 Arch Creek Terrace",28.346051,-81.606418,"Other (pool, fountain, public, unknown)",False,False,fatal,1,0,0,VERIFIED,True,ESDPA,7,pool_pump,Pool light switch not properly grounded; grounding cable was loose/not installed,,pool,https://www.nbcmiami.com/news/local/7-year-old-boy-electrocuted-in-swimming-pool/114252/
ESD-2014-04-27-1,2014-04-27,2014,NEC 2011 era (2011-2016),FL,Miami-Dade,Hialeah,,"Palms West Condominiums pool, 1950 W. 56th St.",25.8267775,-80.2814009,"Other (pool, fountain, public, unknown)",False,False,near-miss,0,3,1,VERIFIED,True,ESDPA,7,pool_pump,Improperly grounded pool pump; unpermitted and shoddy electrical work on pool equipment,,pool,https://www.local10.com/news/2014/04/30/pool-pump-incorrectly-wired-in-hialeah-pool-where-3-children-shocked/
ESD-2014-05-00-1,2014-05,2014,NEC 2011 era (2011-2016),FL,,,Apartment complex swimming pool,"Apartment complex pool, Florida",27.766279,-81.686783,"Other (pool, fountain, public, unknown)",False,False,near-miss,0,3,2,VERIFIED,False,LOA11,2,pool_pump,Unconnected ground wires in pool pump house; energized metal handrail,,pool,https://www.youtube.com/watch?v=tLqftHp8eCo
ESD-2014-06-10-1,2014-06-10,2014,NEC 2011 era (2011-2016),UT,Garfield,Bullfrog,Lake Powell,"Bullfrog Marina, Glen Canyon National Recreation Area",37.3768572,-110.726121,Freshwater marina,True,False,fatal,1,2,0,VERIFIED,True,ESDPA,5,shore_power,30-amp power cord improperly inserted into worn 50-amp outlet in adjacent slip,,fresh,https://www.deseret.com/2015/7/13/20568259/electrical-shock-killed-man-who-jumped-into-lake-powell-lawsuit-says/
ESD-2014-07-04-1,2014-07-04,2014,NEC 2011 era (2011-2016),MO,Camden,Lake of the Ozarks,Lake of the Ozarks,Cove near 7 Mile Marker,38.1443725,-92.6594744,"Other (pool, fountain, public, unknown)",False,False,near-miss,0,0,3,VERIFIED,True,ESDPA,3,dock_wiring,"Live wire from improperly decommissioned dock ramp shorted to the ramp, sending 120V into water approximately 100 yards from where swimmers felt tingling",120V AC,fresh,https://www.lakeexpo.com/news/lake_news/swimmers-narrowly-escape-electrocution-in-lake-of-the-ozarks-cove/article_a2ed9992-085a-11e4-997b-0019bb2963f4.html
ESD-2014-07-20-1,2014-07-20,2014,NEC 2011 era (2011-2016),TX,Montgomery,Conroe,Lake Conroe,Piney Shores Resort (Silverleaf Resorts),30.4625423,-95.588042,Freshwater marina,True,False,fatal,1,0,0,VERIFIED,True,ESDPA,12,dock_wiring,Broken conduit with bare electrified wires on dock,,fresh,https://www.chron.com/neighborhood/woodlands/news/article/Family-of-boy-who-died-at-Lake-Conroe-files-suit-5660955.php
ESD-2014-08-02-1,2014-08-02,2014,NEC 2011 era (2011-2016),WA,Pierce,Puyallup,Puyallup River,Near 96th Street Bridge,47.0616409,-122.1924502,"Other (pool, fountain, public, unknown)",False,False,fatal,1,0,1,CONFIRMED,True,ESDPA,5,other,Ungrounded irrigation pump extending into river on adjacent property; 280V to ground measured,280V to ground,fresh,https://www.seattletimes.com/seattle-news/family-sues-pse-saying-daughter-18-was-electrocuted-while-tubing-the-puyallup-river/
ESD-2014-08-24-1,2014-08-24,2014,NEC 2011 era (2011-2016),LA,Tensas,St. Joseph,Lake Bruin,Private boathouse,31.9879351,-91.256224,Private freshwater dock,False,True,fatal,1,1,0,VERIFIED,True,ESDPA,8,boat_lift,Boat lift motor malfunction caused pontoon boat to act as conductor,,fresh,https://www.lakeexpo.com/news/lake_news/dock-safety-stressed-after-13-year-old-reportedly-electrocuted-on-louisiana-lake/article_6ad213d2-3602-11e4-a94f-001a4bcf887a.html
ESD-2015-00-00-1,2015,2015,NEC 2011 era (2011-2016),AL,Winston,,Smith Lake,,31.3144722,-87.748819,"Other (pool, fountain, public, unknown)",False,False,near-miss,0,1,0,PROBABLE,False,LOA11,1,dock_wiring,Dock electrical fault — electricity in water near dock,,fresh,https://www.youtube.com/watch?v=gqqtwWZ0nrw
ESD-2015-06-21-1,2015-06-21,2015,NEC 2011 era (2011-2016),MO,Camden,Lake of the Ozarks,Lake of the Ozarks,"Rental property dock, Woods Hollow Cove, 22.2 Mile Marker",38.1443725,-92.6594744,Private freshwater dock,False,True,fatal,1,1,0,VERIFIED,True,ESDPA,4,dock_wiring,Faulty junction box between dock and residence at rental property,,fresh,https://www.lakeexpo.com/news/lake_news/swimmer-electrocuted-at-lake-of-the-ozarks/article_25de24fe-1929-11e5-8ca0-0ff78a16476d.html
ESD-2015-08-08-1,2015-08-08,2015,NEC 2011 era (2011-2016),AL,Tuscaloosa,Northport,Lake Tuscaloosa,"Private dock, Laurel Drive",33.3395451,-87.5618241,Private freshwater dock,False,True,fatal,1,0,0,CONFIRMED,True,ESDPA,4,unknown,"Specific source not publicly determined; boat, dock, or other equipment suspected",,fresh,https://www.cbs42.com/news/local/community-mourns-death-of-37-year-old-tuscaloosa-orthodontist/
ESD-2015-08-25-1,2015-08-25,2015,NEC 2011 era (2011-2016),ME,York,Kittery,Piscataqua River,Portsmouth Naval Shipyard marina,43.0946426,-70.7714136,"Other (pool, fountain, public, unknown)",False,False,near-miss,0,1,0,CONFIRMED,True,ESDPA,3,shore_power,Diver was cleaning bottom of a 36-foot Catalina sailboat connected to shore electrical power at the marina; found unconscious floating with scuba regulator still in mouth,,salt,https://www.unionleader.com/news/courts/diver-sues-over-electric-shock-from-faulty-wiring-at-portsmouth-naval-shipyard/article_f10c9261-4c47-5458-bea9-e8cacd44dddd.html
ESD-2016-03-27-1,2016-03-27,2016,NEC 2011 era (2011-2016),CA,Riverside,Palm Springs,Private swimming pool,"Private residence, 2300 block of Yosemite Drive",32.7820843,-117.052462,"Other (pool, fountain, public, unknown)",False,False,fatal,1,6,0,VERIFIED,True,ESDPA,5,pool_pump,Faulty pool wiring in 1963-era home,,pool,https://www.nbcbayarea.com/news/local/burlingame-man-electrocuted-in-swimming-pool-while-saving-daughter/74555/
ESD-2016-04-16-1,2016-04-16,2016,NEC 2011 era (2011-2016),AL,Winston,Double Springs,Smith Lake,Johnson family lakehouse dock,31.3144722,-87.748819,Private freshwater dock,False,True,fatal,1,1,2,VERIFIED,True,ESDPA,6,dock_wiring,Water filled an electrical box on the boat dock; GFCI not functioning,,fresh,https://cullmantimes.com/2016/04/17/electrocution-investigated-in-teens-drowning-at-smith-lake/
ESD-2016-05-28-1,2016-05-28,2016,NEC 2011 era (2011-2016),NJ,Cape May,Wildwood Crest,Motel swimming pool,"Aztec Motel, 400 block of East Lavender Road",39.9434289,-74.0706129,"Other (pool, fountain, public, unknown)",False,False,fatal,1,1,0,VERIFIED,True,ESDPA,5,pool_pump,Electrical short in lamp post/light fixture near the pool,,pool,https://pix11.com/2016/05/31/nj-man-found-unconscious-at-bottom-of-motel-pool-in-wildwood/
ESD-2016-05-28-2,2016-05-28,2016,NEC 2011 era (2011-2016),AZ,Maricopa,Phoenix,Private backyard swimming pool,"Private residence, near 43rd Avenue and Thomas Road",33.4927952,-111.9162386,"Other (pool, fountain, public, unknown)",False,False,fatal,1,4,0,CONFIRMED,False,LOA1,2,pool_pump,Faulty pool light; victim was reportedly attempting to change the pool light when electrocuted,,pool,https://www.abc15.com/news/region-phoenix-metro/central-phoenix/phoenix-fire-man-taken-to-hospital-after-being-shocked-in-pool
ESD-2016-05-29-1,2016-05-29,2016,NEC 2011 era (2011-2016),PA,Cumberland,Silver Spring Township,Backyard pool,"Private residence, Rockledge Drive",39.999907,-75.3953287,"Other (pool, fountain, public, unknown)",False,False,fatal,1,7,0,CONFIRMED,True,ESDPA,4,pool_pump,Faulty pool light circuit,,pool,https://fox43.com/2016/05/30/8-year-old-cumberland-county-girl-shocked-in-swimming-pool-airlifted-to-hospital/
ESD-2016-06-17-1,2016-06-17,2016,NEC 2011 era (2011-2016),TN,Hamilton,Sale Creek,Chickamauga Lake,Private dock,35.1115208,-85.2140152,Private freshwater dock,False,True,fatal,2,0,0,SUSPECTED,True,LOA2,10,unknown,,,fresh,https://www.williamsonandsons.com/obituaries/Donna-Elaine-Berger?obId=43129735
ESD-2016-06-27-1,2016-06-27,2016,NEC 2011 era (2011-2016),AZ,Maricopa,Phoenix,Private swimming pool,"Private residence, near 43rd Avenue and Thomas Road",33.3482214,-111.7291148,"Other (pool, fountain, public, unknown)",False,False,fatal,1,3,0,CONFIRMED,True,ESDPA,4,pool_pump,Pool light fixture — victim was attempting to change/replace it while in the pool,,pool,https://www.abc15.com/news/region-phoenix-metro/central-phoenix/phoenix-fire-man-taken-to-hospital-after-being-shocked-in-pool
ESD-2016-07-21-1,2016-07-21,2016,NEC 2011 era (2011-2016),,,,,New dock construction site,,,"Other (pool, fountain, public, unknown)",False,False,fatal,1,0,0,CONFIRMED,False,LOA4,1,boat_lift,Energized boat lift at new dock construction site,,fresh,https://www.osha.gov/ords/imis/accidentsearch.accident_detail?id=87086.015
ESD-2016-09-03-1,2016-09-03,2016,NEC 2011 era (2011-2016),NC,Wake,Raleigh,Heritage Point community pool,"Heritage Point community pool, Valley Forge Road",35.7803977,-78.6390989,"Other (pool, fountain, public, unknown)",False,False,fatal,1,1,0,VERIFIED,True,ESDPA,8,pool_pump,Pool pump motor failed; severed underground grounding conductor (damaged by corrosion over 37 years),,pool,https://www.wral.com/teen-lifeguard-electrocuted-in-labor-day-weekend-accident/15988657/
ESD-2016-09-10-1,2016-09-10,2016,NEC 2011 era (2011-2016),IN,St. Joseph,South Bend,Flooded basement,"Private residence, 17200 block of Madison Road",40.4794241,-86.5102765,"Other (pool, fountain, public, unknown)",False,False,fatal,1,0,0,CONFIRMED,True,ESDPA,6,other,Box fan in 6 inches of basement flood water (speculative per police),,fresh,https://www.wndu.com/content/news/St-Joseph-County-woman-in-critical-condition-after-electrical-shock--393009271.html
ESD-2016-10-07-1,2016-10-07,2016,NEC 2011 era (2011-2016),IL,St. Clair,Shiloh,,Construction site,41.9488844,-88.1140039,"Other (pool, fountain, public, unknown)",False,False,near-miss,0,1,1,CONFIRMED,True,ESDPA,1,other,Industrial concrete saw contacted an energized electrical line; worker rendered unconscious in approximately 6 inches of standing water,,fresh,https://e-hazard.com/electrical-shock-rescue-what-quick-thinking-good-training-can-do/
ESD-2017-00-00-1,2017,2017,NEC 2017+ era (2017-present),MI,,,River (specific river withheld in CDC report),Marina on a river (name withheld by MIFACE to protect privacy),17.7402503,-64.8146967,Freshwater marina,True,False,fatal,1,0,0,SUSPECTED,False,LOA2,1,unknown,Marina with active shore power infrastructure; no electrical investigation conducted per CDC FACE report,,fresh,https://stacks.cdc.gov/view/cdc/164906/cdc_164906_DS1.pdf
ESD-2017-03-24-1,2017-03-24,2017,NEC 2017+ era (2017-present),NJ,Monmouth,Monmouth Beach,Shrewsbury River,Marina dock (specific marina not identified),40.3607987,-73.9770235,"Other (pool, fountain, public, unknown)",False,False,fatal,2,0,0,SUSPECTED,False,LOA2,1,unknown,Marina dock with likely shore power infrastructure; no electrical investigation documented,,brackish,https://www.robsonforensic.com/images/uploads/articles/Marina-Drowning-Expert-Witness-Appendices.pdf
ESD-2017-03-29-1,2017-03-29,2017,NEC 2017+ era (2017-present),TX,Tarrant,Fort Worth,,Oakland Lake Park,32.7540678,-97.2583703,"Other (pool, fountain, public, unknown)",False,False,fatal,2,0,0,VERIFIED,True,ESDPA,4,overhead_line,Downed power line hidden in overgrown brush; lines were still energized 12+ hours after morning storms,,fresh,https://www.cbsnews.com/texas/news/2-kids-killed-by-downed-power-lines-in-fort-worth/
ESD-2017-04-14-1,2017-04-14,2017,NEC 2017+ era (2017-present),AL,Tuscaloosa,Tuscaloosa,Lake Tuscaloosa,Darling family lakehouse dock,33.3395451,-87.5618241,Private freshwater dock,False,True,fatal,2,0,1,VERIFIED,True,ESDPA,10,dock_wiring,Dock/pier electrified via boat lift power supply — specific fault not publicly determined,,fresh,https://whnt.com/2017/04/16/two-women-found-dead-in-lake-tuscaloosa/
ESD-2017-05-24-1,2017-05,2017,NEC 2017+ era (2017-present),LA,St. Tammany,Mandeville,Lake Pontchartrain,Private dock,30.2050633,-90.0967594,Private freshwater dock,False,True,fatal,1,0,0,UNVERIFIED,True,ESDPA,0,unknown,Unknown; aluminum pole extended into water around sailboat at private dock,,fresh,
ESD-2017-05-01-1,2017-05-01,2017,NEC 2017+ era (2017-present),NY,Monroe,Rochester,,Private residence — basement with sump pump,43.157285,-77.615214,"Other (pool, fountain, public, unknown)",False,False,near-miss,0,0,1,UNVERIFIED,True,ESDPA,0,other,Homeowner rigged a sump pump and received significant shock in legs; motor fault was the cause,,fresh,
ESD-2017-05-06-1,2017-05-06,2017,NEC 2017+ era (2017-present),QC,,Gatineau,,"De la Gappe Boulevard, Touraines neighbourhood — flooded street",45.482718,-75.685641,"Other (pool, fountain, public, unknown)",False,False,near-miss,0,1,0,VERIFIED,True,ESDPA,3,other,Fell into electrified floodwater while building sandbag barrier during 2017 Ottawa River flooding; electrical equipment (likely pumps) in floodwater was the source,,fresh,https://www.cbc.ca/news/canada/ottawa/gatineau-man-flood-electric-shock-1.4105775
ESD-2017-05-19-1,2017-05-19,2017,NEC 2017+ era (2017-present),AL,Lauderdale,Florence,Private swimming pool,"Private residence, Augusta Street",34.7914385,-86.7759127,"Other (pool, fountain, public, unknown)",False,False,fatal,2,1,0,VERIFIED,True,ESDPA,5,pool_pump,Electrical short in pool; specific source not publicly determined,,pool,https://whnt.com/news/shoals/emergency-crews-respond-to-florence-home-2-shocked-in-residential-pool/
ESD-2017-05-21-1,2017-05-21,2017,NEC 2017+ era (2017-present),TX,Webb,Laredo,Flooded field/puddle,,27.5079211,-99.5069834,"Other (pool, fountain, public, unknown)",False,False,fatal,1,0,0,CONFIRMED,True,ESDPA,3,overhead_line,Storm-downed power line in flooded field near victim's home,,fresh,https://cbsaustin.com/news/local/boy-dies-after-stepping-into-puddle-with-downed-power-line
ESD-2017-06-16-1,2017-06-16,2017,NEC 2017+ era (2017-present),OH,Ottawa,Put-in-Bay,Lake Erie,"Miller Marina, Bayview Avenue",42.1432251,-81.2394356,Freshwater marina,True,False,fatal,1,1,1,VERIFIED,True,ESDPA,7,shore_power,Shore power connection; both boat and shore power checked out and were properly grounded — source undetermined,,fresh,https://www.13abc.com/content/news/19-year-old-electrocuted-in-Put-in-Bay-429128083.html
ESD-2017-06-17-1,2017-06-17,2017,NEC 2017+ era (2017-present),NJ,Ocean,Toms River,Toms River lagoon (Shelter Cove),"Private residence, Tobago Avenue",39.9528389,-74.196741,Private freshwater dock,False,True,fatal,1,0,1,VERIFIED,True,ESDPA,8,boat_lift,Dormant boat lift with corroded electrical junction box; energized when raft contacted rail,,fresh,https://abc7ny.com/toms-river-girl-electrocuted-11-year-old-kayla-matos/2119973/
ESD-2017-06-21-1,2017-06-21,2017,NEC 2017+ era (2017-present),MA,Dukes,Chilmark,Atlantic Ocean (Menemsha Harbor),"Crab Corner, Menemsha Beach / transient dock",26.074872,-97.1610327,"Other (pool, fountain, public, unknown)",False,False,near-miss,0,0,3,CONFIRMED,True,ESDPA,2,dock_wiring,Faulty grounding work on transient dock performed by contractor 5-8 years prior; recurrent 'tickle' of marine electricity,,salt,https://www.mvtimes.com/2017/06/27/menemsha-beach-closed-precaution-tickle/
ESD-2017-06-23-1,2017-06-23,2017,NEC 2017+ era (2017-present),,,"Akyazi, Sakarya Province, Turkey",Water park pool,"Water park, Akyazi",,,"Other (pool, fountain, public, unknown)",False,False,fatal,5,2,0,VERIFIED,True,ESDPA,6,pool_pump,Pool lacked residual current breaker (RCD/GFCI equivalent),,pool,https://www.cbc.ca/news/world/turkey-water-park-electrocution-1.4175233
ESD-2017-07-03-1,2017-07-03,2017,NEC 2017+ era (2017-present),SC,Oconee,Lake Keowee,Lake Keowee,Private dock with boat lift,34.8306466,-82.9013777,Private freshwater dock,False,True,near-miss,0,0,1,UNVERIFIED,True,ESDPA,0,boat_lift,Boy grabbed crossmember of a boat lift while under a boat and was shocked; boat lift was not properly grounded,,fresh,
ESD-2017-07-07-1,2017-07-07,2017,NEC 2017+ era (2017-present),CA,Riverside,Canyon Lake,Canyon Lake,,33.6836539,-117.262615,"Other (pool, fountain, public, unknown)",False,False,near-miss,0,0,2,UNVERIFIED,True,ESDPA,0,unknown,Two kayakers felt electrical tingle in the water; cause was under investigation,,fresh,
ESD-2017-07-09-1,2017-07-09,2017,NEC 2017+ era (2017-present),NM,Lea,Lovington,Bathtub,Private residence (father's home),35.8838571,-106.3018261,"Other (pool, fountain, public, unknown)",False,False,fatal,1,0,0,VERIFIED,True,ESDPA,5,extension_cord,"Phone charger plugged into frayed extension cord plugged into non-GFCI, non-grounded outlet",,pool,https://edition.cnn.com/2017/07/18/health/teen-bathtub-electrocuted-text-trnd
ESD-2017-07-23-1,2017-07-23,2017,NEC 2017+ era (2017-present),BC,,Spallumcheen,Creek on private property,"Private property, Spallumcheen (near Vernon/Enderby)",49.2660162,-124.335801,"Other (pool, fountain, public, unknown)",False,False,near-miss,0,1,0,VERIFIED,True,ESDPA,4,other,Faulty submersible irrigation pump energized creek on private property; two dogs died immediately upon entering water,,fresh,https://www.cbc.ca/news/canada/british-columbia/b-c-man-jumps-into-creek-to-save-dogs-suffers-electric-shock-1.4221434
ESD-2017-08-05-1,2017-08-05,2017,NEC 2017+ era (2017-present),TX,Marion,Avinger,Lake O' The Pines,Alley Creek alcove,32.820786,-94.6605031,"Other (pool, fountain, public, unknown)",False,False,fatal,3,0,0,VERIFIED,False,LOA1,10,overhead_line,"Hobie Cat catamaran 30-foot mast struck 7,200-volt overhead transmission line operated by Upshur Rural Electric Cooperative","7,200V (transmission line)",fresh,https://www.usatoday.com/story/news/nation/2017/08/07/two-boy-scouts-dead-third-clings-life-after-sailing-tragedy/544314001/
ESD-2017-08-10-1,2017-08-10,2017,NEC 2017+ era (2017-present),WA,Franklin,Pasco,Columbia River,"Old pump station, irrigation facility",45.5901679,-122.503438,"Other (pool, fountain, public, unknown)",False,False,fatal,1,2,0,VERIFIED,True,ESDPA,4,other,Faulty wiring at pump house; cable went to ground energizing motor case,,fresh,https://www.yakimaherald.com/news/local/lower_valley/pasco-teen-s-death-linked-to-faulty-pump-wiring/article_8b3523fe-a782-11e7-84ab-9fd82fda1f4c.html
ESD-2017-08-28-1,2017-08-28,2017,NEC 2017+ era (2017-present),TX,Harris,Houston,Greens Bayou,"Greens Bayou near Interstate 10, east Houston",29.9193075,-95.3264464,"Other (pool, fountain, public, unknown)",False,False,fatal,2,1,2,VERIFIED,True,ESDPA,5,overhead_line,Low-hanging downed power lines in floodwater; boat was pushed into lines by strong current,,fresh,https://abcnews.go.com/US/reporters-rescued-boat-crash-harrowing-night-hurricane-battered/story?id=49557866
ESD-2017-08-29-1,2017-08-29,2017,NEC 2017+ era (2017-present),TX,Harris,Houston,Hurricane Harvey floodwater,Bear Creek subdivision,29.7589382,-95.3676974,"Other (pool, fountain, public, unknown)",False,False,fatal,1,0,0,VERIFIED,True,ESDPA,7,overhead_line,Submerged live wire contacted ankle (with metal plates from prior surgery); energized yard light pole,,fresh,https://abcnews.go.com/US/houston-man-dies-save-sisters-cat-flooding/story?id=49575562
ESD-2018-05-14-1,2018-05-14,2018,NEC 2017+ era (2017-present),MO,Taney,Branson,Lake Taneycomo,Private dock,36.6376567,-93.2345944,Private freshwater dock,False,True,near-miss,0,0,1,UNVERIFIED,True,ESDPA,0,dock_wiring,Man's grandson was shocked; faulty electrical wiring three docks away from victim's location was the source,,fresh,
ESD-2018-06-02-1,2018-06-02,2018,NEC 2017+ era (2017-present),VA,Franklin,Smith Mountain Lake,Smith Mountain Lake,"Private dock, Gills Creek area",37.1163882,-79.6508316,Private freshwater dock,False,True,near-miss,0,1,0,VERIFIED,True,ESDPA,3,boat_lift,"17-year-old was holding boat lift cable with her hand while foot was in water, becoming path of least resistance; she was shocked, fell into lake, and was pulled out by another teen",,fresh,https://www.wdbj7.com/content/news/Officials-Teen-girl-taken-to-hospital-after-electric-shock-at-Smith-Mountain-Lake-dock-484510931.html
ESD-2018-06-11-1,2018-06-11,2018,NEC 2017+ era (2017-present),MO,Camden,Camdenton,Lake of the Ozarks,Dock at Camelot Cove,38.1443725,-92.6594744,Private freshwater dock,False,True,near-miss,0,0,2,CONFIRMED,True,ESDPA,1,dock_wiring,Bare energized wire dangling in the water from a neighbor's dock,,fresh,https://www.lakeexpo.com/boating/boat_safety/a-checklist-for-your-dock-s-electric-system-as-you-power-up-for-the-boating/article_bc9697c0-594d-11e8-b4f6-c7d346195d67.html
ESD-2018-06-26-1,2018-06-26,2018,NEC 2017+ era (2017-present),MD,Prince George's,Oxon Hill,MGM National Harbor decorative fountain (Potomac Plaza),"MGM National Harbor casino/resort, 101 MGM National Ave",38.803384,-76.9896507,"Other (pool, fountain, public, unknown)",False,False,non-fatal,0,5,0,VERIFIED,False,LOA1,6,fountain,Illuminated metal handrail adjacent to outdoor decorative fountain. LED driver designed to step 120V down to 12V failed; improper installation and faulty wiring caused full 120V AC to flow through the metal handrail.,120V AC,fountain,https://www.washingtonpost.com/local/public-safety/girl-electrocuted-at-mgm-national-harbor/
ESD-2018-07-03-1,2018-07-03,2018,NEC 2017+ era (2017-present),MO,Morgan,Rocky Mount,Lake of the Ozarks,"Private dock near J Road, 5 Mile Marker",38.1443725,-92.6594744,Private freshwater dock,False,True,near-miss,0,0,3,CONFIRMED,True,ESDPA,1,dock_wiring,Faulty water heater was sending voltage through the ground wire to the dock's electrical system; woman reported arcing between dock ladder and rings on her hand,3.5 to 15 VAC,fresh,https://www.lakeexpo.com/boating/the_lake/woman-children-narrowly-escape-dock-electrocution-on-the-lake/article_6bf8aeee-8485-11e8-8f22-9352e49fd0d4.html
ESD-2018-07-04-1,2018-07-04,2018,NEC 2017+ era (2017-present),OH,Mahoning,Canfield,,Colucci family private pool,41.025059,-80.760912,"Other (pool, fountain, public, unknown)",False,False,near-miss,0,0,2,CONFIRMED,True,ESDPA,1,pool_pump,Stray voltage detected in pool water; Ohio Edison confirmed stray voltage; could be from underground wires or pool equipment,,pool,https://www.wfmj.com/story/38575082/canfield-family-warns-about-electric-shock-in-pools
ESD-2018-09-30-1,2018-09-30,2018,NEC 2017+ era (2017-present),OK,Oklahoma,Oklahoma City,Bricktown Canal,"Bricktown Canal, bollard light area",35.4635279,-97.5080282,"Other (pool, fountain, public, unknown)",False,False,fatal,1,1,0,VERIFIED,True,ESDPA,6,other,"Ungrounded, inadequately secured bollard lights along canal",,fresh,https://kfor.com/2018/10/01/one-man-dead-after-being-electrocuted-in-bricktown-canal/
ESD-2018-11-04-1,2018-11-04,2018,NEC 2017+ era (2017-present),NH,Belknap,Laconia,Lake Winnipesaukee (Paugus Bay),Dock area at end of Appleton Street,43.6030663,-71.3239694,"Other (pool, fountain, public, unknown)",False,False,near-miss,0,0,1,VERIFIED,True,ESDPA,4,dock_wiring,Customer-owned electrical fixture (light pole near dock) energized water; dog (13-year-old black Labrador) was electrocuted; owner shocked attempting rescue,,fresh,https://www.unionleader.com/news/animals/dog-electrocuted-when-it-jumps-into-paugus-bay-owner-suffers-powerful-shock-in-futile-rescue/article_7b67dba8-50fa-526e-a7b9-5208080c5ae1.html
ESD-2019-04-01-1,2019-04-01,2019,NEC 2017+ era (2017-present),CA,Solano,Dixon,Weyland Canal (Solano Irrigation District),"Metal pedestrian bridge over Weyland Canal, Dixon Avenue West",38.4454641,-121.8232958,"Other (pool, fountain, public, unknown)",False,False,fatal,2,1,0,VERIFIED,True,ESDPA,8,other,District workers improperly bypassed circuit breaker; metal bridge became energized,,fresh,https://www.cbsnews.com/news/jacob-hourmouzus-jacob-schneider-fatally-electrocuted-dixon-california-rescuing-dog-irrigation-canal/
ESD-2019-06-02-1,2019-06-02,2019,NEC 2017+ era (2017-present),FL,Orange,Orlando,,Universal Studios Volcano Bay water park,28.5421218,-81.379045,"Other (pool, fountain, public, unknown)",False,False,near-miss,0,5,10,VERIFIED,True,ESDPA,5,other,"Construction defect: grounding rod inadvertently driven through electrical conduit during park construction, damaging outer sheath of wiring and energizing wet ground surfaces and water throughout park",,pool,https://www.orlandosentinel.com/2019/11/05/universals-volcano-bay-electrical-shock-happened-because-of-construction-errors-osha-finds/
ESD-2019-06-27-1,2019-06-27,2019,NEC 2017+ era (2017-present),TX,El Paso,El Paso,Apartment complex swimming pool,"Hallmark Apartments, 1620 Mescalero Drive",31.7601001,-106.4870476,"Other (pool, fountain, public, unknown)",False,False,fatal,1,2,0,CONFIRMED,False,LOA1,4,pool_pump,"Pool lights activated automatically at dusk, sending electrical current into the pool water",,pool,https://www.elpasotimes.com/story/news/local/el-paso/2019/06/28/man-dies-electrocuted-pool-hallmark-apartments-el-paso-texas/
ESD-2019-07-14-1,2019-07-14,2019,NEC 2017+ era (2017-present),CA,Sacramento,Citrus Heights,Private swimming pool,"Private residence (father's home), late 1950s construction",32.7820843,-117.052462,"Other (pool, fountain, public, unknown)",False,False,fatal,1,0,4,VERIFIED,True,ESDPA,7,pool_pump,Unsealed pool light fixture under repair; live wire exposed,,pool,https://www.abc10.com/article/news/9-year-old-electrocuted-while-swimming-in-pool-in-citrus-heights/103-d6201043-f8e0-4124-b676-8d7a84821308
ESD-2019-09-19-1,2019-09-19,2019,NEC 2017+ era (2017-present),TX,Jefferson,Fannett,Tropical Storm Imelda floodwater,,29.9260395,-94.2504458,"Other (pool, fountain, public, unknown)",False,False,fatal,1,0,0,CONFIRMED,True,ESDPA,6,unknown,Source of electricity not identified; could be downed power line or submerged equipment,,fresh,https://www.khou.com/article/news/local/hunter-morrison-imelda-death-jefferson-county/502-d8d0b6ef-65aa-4c4c-8b27-231f02b9dbbe
ESD-2020-05-11-1,2020-05-11,2020,NEC 2017+ era (2017-present),AL,,Lewis Smith Lake,Lewis Smith Lake,Private dock (non-electrified; stray voltage from neighbor's dock),34.0700321,-86.9791442,Private freshwater dock,False,True,near-miss,0,0,1,CONFIRMED,True,ESDPA,2,dock_wiring,Stray voltage from neighbor's dock energized water around victim's non-electrified dock; victim paralyzed from feet upward; husband rescued her with a pole,,fresh,https://www.lakeexpo.com/advertorial/it-paralyzed-me-dock-shock-victim-recalls-near-death-experience-promotes-dock-lifeguard/article_1a515f72-98a1-11eb-92fb-bf112d9beceb.html
ESD-2020-07-12-1,2020-07-12,2020,NEC 2017+ era (2017-present),AZ,Maricopa,Peoria,Lake Pleasant,Scorpion Bay Marina,33.9041538,-112.2898708,Freshwater marina,True,False,fatal,2,1,0,VERIFIED,True,ESDPA,6,shore_power,Boat had incompatible electrical connection system; safety features intentionally bypassed via improper modification,,fresh,https://www.12news.com/article/news/local/valley/authorities-responding-to-incident-at-lake-pleasant/75-10bbafb9-1dda-4a76-a359-3666b10e011d
ESD-2020-08-29-1,2020-08-29,2020,NEC 2017+ era (2017-present),TX,Harris,Houston,Hotel swimming pool,"North Villa Inn, 16510 North Freeway",29.7612326,-95.4598077,"Other (pool, fountain, public, unknown)",False,False,fatal,1,0,0,VERIFIED,True,ESDPA,7,pool_pump,"Interior pool light removed from housing, leaving wires exposed",,pool,https://abc13.com/teen-electrocuted-in-pool-mom-sues-motel-for-sons-wrongful-death-north-villa-inn-khaleel-reynolds/6438681/
ESD-2020-11-11-1,2020-11-11,2020,NEC 2017+ era (2017-present),FL,Manatee,Bradenton Beach,Flooded laundry room,"211 Bay Drive N., Bradenton Beach",27.466762,-82.6966072,"Other (pool, fountain, public, unknown)",False,False,fatal,1,1,0,VERIFIED,True,ESDPA,7,other,Plugged-in clothes dryer in 4 inches of Tropical Storm Eta flood water,,fresh,https://www.tampabay.com/hurricane/2020/11/12/beach-resident-electrocuted-putting-out-sandbags-for-tropical-storm-eta-officials-say/
ESD-2021-06-02-1,2021-06-02,2021,NEC 2017+ era (2017-present),TX,Callahan,Clyde,Clyde Lake (Lake Clyde),Clyde Lake,32.3173623,-99.4760329,"Other (pool, fountain, public, unknown)",False,False,fatal,1,0,0,VERIFIED,True,ESDPA,6,overhead_line,Sailboat struck overhead power line while being towed; broken line fell into water,,fresh,https://www.nbcdfw.com/news/local/texas-news/18-year-old-dies-after-being-electrocuted-in-west-texas-lake/2648670/
ESD-2021-06-04-1,2021-06-04,2021,NEC 2017+ era (2017-present),TX,Hidalgo,Mission,Flooded street/puddle,"3700 block of North Palm Leaf Circle, La Homa",26.2159066,-98.3252932,"Other (pool, fountain, public, unknown)",False,False,fatal,1,0,0,CONFIRMED,True,ESDPA,5,extension_cord,"Extension cord connecting house to trailer home, fully submerged in floodwater",,fresh,https://www.krgv.com/news/14-year-old-boy-dies-after-being-electrocuted-near-mission/
ESD-2021-07-04-1,2021-07-04,2021,NEC 2017+ era (2017-present),PA,Washington,New Eagle,Monongahela River,Beach Club Marina,39.952475,-79.9556098,Freshwater marina,True,False,fatal,1,1,2,VERIFIED,True,ESDPA,7,unknown,Electricity in water near docked boat; source not publicly determined,,fresh,https://www.wpxi.com/news/top-stories/possible-electrical-shock-caused-man-drown-swimming-monongahela-river-washington-county/7TGFW3IMJBE5XOTMZTUC5LBKF4/
ESD-2022-00-00-1,2022,2022,NEC 2017+ era (2017-present),FL,Palm Beach,Palm Beach Gardens,Downtown Palm Beach Gardens splash pad,Downtown Palm Beach Gardens splash pad,26.8233946,-80.1386547,"Other (pool, fountain, public, unknown)",False,False,non-fatal,0,1,0,CONFIRMED,False,LOA1,2,unknown,Victim received electrical shock after wading through splash pad and touching a nearby directory sign,,fresh,https://www.wptv.com/news/local-news/investigations/mother-says-daughter-shocked-at-downtown-palm-beach-gardens-splash-pad-last-year-files-lawsuit
ESD-2022-04-22-1,2022-04-22,2022,NEC 2017+ era (2017-present),KY,Oldham,Prospect,Ohio River,"Prospect Yacht Club / Drift Bar, 1900 Victory Lane",38.6877861,-83.5852708,Freshwater marina,True,False,fatal,1,0,0,VERIFIED,True,ESDPA,10,dock_wiring,33 electrical violations documented; electricity leaking from equipment (4+ amps in one location),4+ amps measured leaking from equipment,fresh,https://www.wave3.com/2022/04/26/body-louisville-diver-recovered-ohio-river/
ESD-2022-08-03-1,2022-08-03,2022,NEC 2017+ era (2017-present),,,,,Marina (location not published in OSHA summary),,,"Other (pool, fountain, public, unknown)",False,False,fatal,1,0,0,CONFIRMED,False,LOA4,1,overhead_line,Mobile boat lift (marina crane) contacted overhead high-power lines,,,https://www.osha.gov/ords/imis/accidentsearch.accident_detail?id=148483.015
ESD-2022-08-16-1,2023-02-07,2023,NEC 2017+ era (2017-present),MI,Wayne,Detroit,Flooded apartment basement,"Russell Woods Apartments, 11500 block of LaSalle Street",42.3843112,-83.1090359,"Other (pool, fountain, public, unknown)",False,False,fatal,1,0,0,VERIFIED,True,ESDPA,5,other,Live wire in 3-4 feet of basement flood water; entire building was electrically charged,,fresh,https://www.clickondetroit.com/news/local/2023/02/08/plumber-electrocuted-while-snaking-drain-in-flooded-basement-on-detroits-west-side/
ESD-2023-02-07-1,2023-02-07,2023,NEC 2017+ era (2017-present),MI,Wayne,Detroit,Flooded apartment basement,"Russell Woods Apartments, 11500 block of LaSalle Street at Webb",42.3843112,-83.1090359,"Other (pool, fountain, public, unknown)",False,False,fatal,1,0,0,VERIFIED,True,ESDPA,5,other,Live wire in 3-4 feet of basement flood water; entire building was electrically charged,,fresh,https://www.clickondetroit.com/news/local/2023/02/08/plumber-electrocuted-while-snaking-drain-in-flooded-basement-on-detroits-west-side/
ESD-2023-07-09-1,2023-07-09,2023,NEC 2017+ era (2017-present),NY,Westchester,New Rochelle,Long Island Sound,"Wright Island Marina (Drake Ave. Marina, Inc.)",41.0508886,-72.9479898,"Other (pool, fountain, public, unknown)",False,False,fatal,1,1,0,VERIFIED,False,LOA1,5,dock_wiring,Live wire electrified boat ramp at marina,,salt,https://www.cbsnews.com/newyork/news/new-rochelle-marina-electrified-shocked/
ESD-2023-07-17-1,2023-07-17,2023,NEC 2017+ era (2017-present),SC,Anderson,Anderson,Lake Hartwell,"Private dock, Mid Lake Heights Drive",34.5491573,-83.1134681,Private freshwater dock,False,True,fatal,1,0,0,PROBABLE,False,LOA1,3,dock_wiring,Exposed electrical wires on electrical box providing power to dock,,fresh,https://www.thestate.com/news/state/south-carolina/article277416638.html
ESD-2023-07-27-1,2023-07-27,2023,NEC 2017+ era (2017-present),GA,Forsyth,Lake Lanier,Lake Lanier,"Private dock near Dove Trail, Lanier Beach South Road area",34.2930593,-83.938223,Private freshwater dock,False,True,fatal,1,1,0,VERIFIED,False,LOA1,7,dock_wiring,Electricity from nearby power box supplying dock boat lift energized the water,,fresh,https://www.cbsnews.com/news/electric-shock-drowning-lake-lanier-georgia-thomas-milner/
ESD-2023-10-22-1,2023-10-22,2023,NEC 2017+ era (2017-present),FL,Palm Beach,Jupiter,Harbourside Place fountain,"Harbourside Place outdoor shopping center fountain, 149 Soundings Ave",26.9342246,-80.0942087,"Other (pool, fountain, public, unknown)",False,False,fatal,1,7,0,VERIFIED,True,LOA3,10,fountain,Light fixtures within fountain were leaking electrical voltage due to ground fault or improper system,,fountain,https://cbs12.com/news/local/nate-davenport-victim-electrocution-fountain-passed-away-father-husband-identified-fatal-jupiter-harbourside-place-investigation-florida-october-26-2023
ESD-2024-05-00-1,2024-05,2024,NEC 2017+ era (2017-present),MN,St. Louis,Duluth,Outside whirlpool/spa area,Edgewater Resort & Waterpark,46.8064825,-92.0636877,"Other (pool, fountain, public, unknown)",False,False,non-fatal,0,2,0,CONFIRMED,False,LOA1,2,other,"Electrified metal gate knob/handle at outside whirlpool/spa gate. Not classic dock/pool ESD — the gate handle was the energized point, not the water itself.",,pool,https://www.fox21online.com/2024/05/edgewater-resort-electric-shock-incident/
ESD-2024-07-04-1,2024-07-04,2024,NEC 2017+ era (2017-present),VA,Bedford,Huddleston,Smith Mountain Lake,"Private dock, Lee Drive, Craddock Creek area",37.1163882,-79.6508316,Private freshwater dock,False,True,fatal,1,2,0,VERIFIED,True,ESDPA,26,boat_lift,Submerged electric boat lift producing 116+ volts; lift at least 20 years old; dock not recently inspected,116+ volts from boat lift cradle,fresh,https://www.wdbj7.com/2024/07/05/smith-mountain-lake-electrocution-victim-identified/
ESD-2024-08-25-1,2024-08-25,2024,NEC 2017+ era (2017-present),IN,Cass,Logansport,Backyard swimming pool,"Private residence, 2600 block of High Street",40.4794241,-86.5102765,"Other (pool, fountain, public, unknown)",False,False,non-fatal,0,5,0,VERIFIED,True,LOA1,8,pool_equipment,"Submersible pump wire near pool ladder got pinched, causing protective cover to break and leaving bare wire exposed to pool water",,fresh,https://people.com/5-people-hospitalized-injured-electrocuted-accident-swimming-pool-indiana-8701805
ESD-2025-05-26-1,2025-05-26,2025,NEC 2017+ era (2017-present),GA,Bulloch,Statesboro,"Wave pool (19,500 sq ft, opened 2017)","Splash in the Boro Waterpark, Mill Creek Regional Park",33.9583989,-84.5197364,"Other (pool, fountain, public, unknown)",False,False,near-miss,0,0,5,CONFIRMED,False,LOA1,7,pool_equipment,Blower unit potentially shorted out or overheated; arcing in shorted electrical equipment per Statesboro Fire incident report,,fresh,https://www.wtoc.com/2025/05/27/statesboro-mother-speaks-out-after-reports-electrical-shock-local-wave-pool/
ESD-2025-06-21-1,2025-06-21,2025,NEC 2017+ era (2017-present),GA,Fannin,Blue Ridge,Blue Ridge Lake,Private dock,34.8413609,-84.2681038,Private freshwater dock,False,True,fatal,1,3,0,CONFIRMED,True,ESDPA,2,dock_wiring,Numerous electrical deficiencies found at private dock,,fresh,https://www.thenewsobserver.com/news-newsletter/blue-ridge-lake-death-investigated
ESD-2025-07-10-1,2025-07-10,2025,NEC 2017+ era (2017-present),IN,Porter,Portage,Burns Waterway,"Marina Shores at Dune Harbor, D dock",41.6194572,-87.1762804,Freshwater marina,True,False,fatal,1,1,0,VERIFIED,True,ESDPA,16,shore_power,Equipment from nearby slip holder; prior incident 4 days earlier from 30-amp plug in 50-amp outlet,,fresh,https://www.nwitimes.com/news/local/crime-courts/article_744f267b-4a14-41e2-a618-64412a8f7a0a.html
