file,incident_id,date,year,state,body_of_water,city,county,facility_name,incident_type,fatality_count,injury_count,near_miss_count,verification_level,is_freshwater_private_dock,is_freshwater_marina,esdpa_listed,lat,lon,query_used,match_type,display_name,from_cache
ESD-0000-00-00-1.md,ESD-0000-00-00-1,1986-06-08,1986,WI,St. Croix River,Prescott,Pierce,Unknown — near swim platform,fatal,1,0,0,UNVERIFIED,False,False,True,45.5395961,-92.7253459,"St. Croix River, WI",body+state,"Saint Croix River, Minnesota, United States",False
ESD-0000-00-00-2.md,ESD-0000-00-00-2,,,OK,Community swimming pool,,,City recreational center pool,fatal,1,0,0,UNVERIFIED,False,False,True,35.565342,-96.928917,OK,state_centroid,(state centroid: OK),True
ESD-0000-00-00-3.md,ESD-0000-00-00-3,,,TX,Lake Travis,,Travis,,fatal,2,0,0,SUSPECTED,False,False,False,30.4645913,-98.0783472,"Lake Travis, TX",body+state,"Lake Travis, Briarcliff, Travis County, Texas, 78663, United States",False
ESD-1981-07-00-1.md,ESD-1981-07-00-1,1981-07,1981,CT,Connecticut River,Essex,,,near-miss,0,0,1,UNVERIFIED,False,False,True,41.4125419,-72.4586032,"Connecticut River, CT",body+state,"Lower Connecticut River Valley Planning Region, Connecticut, United States",False
ESD-1982-00-00-1.md,ESD-1982-00-00-1,1982,1982,WI,Green Bay,Egg Harbor,Door,,near-miss,0,0,1,UNVERIFIED,False,False,True,44.5126379,-88.0125794,"Green Bay, WI",body+state,"Green Bay, Brown County, Wisconsin, United States",False
ESD-1982-12-00-1.md,ESD-1982-12-00-1,1982-12,1982,TX,Lake O' The Pines,Avinger,Marion,Near Johnson Creek,fatal,1,0,3,SUSPECTED,False,False,False,32.820786,-94.6605031,"Lake O' The Pines, TX",body+state,"Lake O' the Pines, Marion County, Texas, United States",False
ESD-1986-07-29-1.md,ESD-1986-07-29-1,1986-07-29,1986,MI,Lake St. Clair,Grosse Pointe Shores,Wayne,Grosse Pointe Yacht Club,fatal,1,0,0,UNVERIFIED,False,True,True,42.4934836,-82.7392729,"Lake St. Clair, MI",body+state,"Lake Saint Clair, Macomb County, Michigan, United States",False
ESD-1986-07-29-2.md,ESD-1986-07-29-2,1986-07-29,1986,MI,Little Traverse Bay (Lake Michigan),Petoskey,Emmet,,fatal,1,0,0,UNVERIFIED,False,False,True,45.400009,-85.0264449,"Little Traverse Bay, MI",body+state,"Little Traverse Bay, Michigan, United States",False
ESD-1986-07-29-3.md,ESD-1986-07-29-3,1986-07-29,1986,KY,Harrods Creek (Ohio River),Louisville,Jefferson,Harrods Creek Boat Harbor,fatal,2,0,0,VERIFIED,False,True,True,38.3275686,-85.6277393,"Harrods Creek, KY",body+state,"Harrods Creek, Louisville, Jefferson County, Kentucky, 40059, United States",False
ESD-1987-00-00-1.md,ESD-1987-00-00-1,1987,1987,MI,Lake Macatawa,Park Township,Ottawa,Bay Haven Marina,fatal,1,0,2,UNVERIFIED,False,True,True,42.7820312,-86.1807147,"Lake Macatawa, MI",body+state,"Lake Macatawa, Park Township, Ottawa County, Michigan, United States",False
ESD-1988-04-21-1.md,ESD-1988-04-21-1,1988-04-21,1988,NY,Indian Lake (campus pond),Albany,Albany,State University of New York at Albany (SUNY Albany),fatal,1,2,0,VERIFIED,False,False,True,43.782497,-74.272041,"Indian Lake, NY",body+state,"Town of Indian Lake, Hamilton County, New York, United States",False
ESD-1988-04-23-1.md,ESD-1988-04-23-1,1988-04-23,1988,OK,,,,,fatal,1,0,0,UNVERIFIED,False,False,True,35.565342,-96.928917,OK,state_centroid,(state centroid: OK),True
ESD-1989-06-01-1.md,ESD-1989-06-01-1,1989-06-01,1989,OK,Lake B (southern Oklahoma — lake name anonymized by CDC),,,,fatal,1,0,0,CONFIRMED,False,False,False,36.1400892,-96.0819455,"Lake B, OK",body+state,"Lake, Tulsa, Oklahoma, United States",False
ESD-1989-12-08-1.md,ESD-1989-12-08-1,1989-12-08,1989,OK,Lake A (northeastern Oklahoma; likely Grand Lake O' the Cherokees),,,,fatal,1,0,0,CONFIRMED,False,False,True,36.1400892,-96.0819455,"Lake A, OK",body+state,"Lake, Tulsa, Oklahoma, United States",False
ESD-1991-07-00-1.md,ESD-1991-07-00-1,1991-07,1991,AR,Lake Hamilton,Hot Springs,Garland,,fatal,1,0,0,CONFIRMED,False,False,True,34.425335,-93.088864,"Lake Hamilton, AR",body+state,"Lake Hamilton, Hot Springs, Garland County, Arkansas, United States",False
ESD-1991-07-24-1.md,ESD-1991-07-24-1,1991-07-24,1991,OK,Lake A (northeastern Oklahoma; likely Grand Lake O' the Cherokees),,,,fatal,1,1,0,CONFIRMED,False,False,True,36.1400892,-96.0819455,"Lake A, OK",body+state,"Lake, Tulsa, Oklahoma, United States",True
ESD-1993-07-00-1.md,ESD-1993-07-00-1,1993-07,1993,NY,St. Lawrence River (Thousand Islands),Alexandria Bay,Jefferson,,fatal,2,2,0,UNVERIFIED,False,False,True,44.9968419,-74.7216551,"St. Lawrence River, NY",body+state,"Saint Lawrence River, St. Regis, Town of Bombay, Franklin County, New York, United States",False
ESD-1993-07-27-1.md,ESD-1993-07-27-1,1993-07-27,1993,OK,Lake A (northeastern Oklahoma — lake name anonymized by CDC; likely Grand Lake O' the Cherokees),,,,fatal,1,0,0,CONFIRMED,False,False,False,36.1400892,-96.0819455,"Lake A, OK",body+state,"Lake, Tulsa, Oklahoma, United States",True
ESD-1993-09-00-1.md,ESD-1993-09-00-1,1993-09,1993,TX,,,,,fatal,1,0,0,UNVERIFIED,False,False,True,31.054487,-97.563461,TX,state_centroid,(state centroid: TX),True
ESD-1993-09-05-1.md,ESD-1993-09-05-1,1993-09-05,1993,OK,Lake A (northeastern Oklahoma; likely Grand Lake O' the Cherokees),,,,fatal,1,0,0,CONFIRMED,False,False,True,36.1400892,-96.0819455,"Lake A, OK",body+state,"Lake, Tulsa, Oklahoma, United States",True
ESD-1994-00-00-1.md,ESD-1994-00-00-1,1994,1994,DC,Potomac River,Washington,,Bolling Air Force Base (now Joint Base Anacostia-Bolling),fatal,1,0,0,UNVERIFIED,False,False,True,39.0739106,-77.427643,"Potomac River, DC",body+state,"Potomac River, Maryland, United States",False
ESD-1994-00-00-2.md,ESD-1994-00-00-2,1994,1994,TX,,,,,fatal,1,0,0,SUSPECTED,False,False,False,31.054487,-97.563461,TX,state_centroid,(state centroid: TX),True
ESD-1995-02-00-1.md,ESD-1995-02-00-1,1995-02,1995,NV,Lake Mead,,Clark,,fatal,1,0,0,UNVERIFIED,False,False,True,36.2130617,-114.4132805,"Lake Mead, NV",body+state,"Lake Mead, Clark County, Nevada, United States",False
ESD-1995-08-00-1.md,ESD-1995-08-00-1,1995-08,1995,KY,Lake Cumberland,Jamestown,Russell,Jamestown Resort and Marina,near-miss,0,0,7,UNVERIFIED,False,True,True,36.9385265,-85.0196128,"Lake Cumberland, KY",body+state,"Lake Cumberland, Burnside, Russell County, Kentucky, United States",False
ESD-1997-07-00-1.md,ESD-1997-07-00-1,1997-07,1997,DC,Anacostia River / Potomac River,Washington,,"Air Force Base, Washington DC (likely Bolling AFB / Joint Base Anacostia-Bolling)",fatal,1,0,0,UNVERIFIED,False,False,True,38.8377469,-77.0170934,"Air Force Base, DC",facility+state,"Bolling Air Force Base, Ward 8, Washington, District of Columbia, 20332, United States",False
ESD-1997-07-00-2.md,ESD-1997-07-00-2,1997-07,1997,NV,Lake Mead,,Clark,,fatal,1,0,0,SUSPECTED,False,False,False,36.2130617,-114.4132805,"Lake Mead, NV",body+state,"Lake Mead, Clark County, Nevada, United States",True
ESD-1998-07-03-1.md,ESD-1998-07-03-1,1998-07-03,1998,WA,Lake Chelan,Chelan,Chelan,,near-miss,0,1,2,UNVERIFIED,False,False,True,48.0785862,-120.4757138,"Lake Chelan, WA",body+state,"Lake Chelan, Chelan, Chelan County, Washington, United States",False
ESD-1998-09-00-1.md,ESD-1998-09-00-1,1998-09,1998,CA,Lake Sonoma,Healdsburg,Sonoma,Lake Sonoma Marina (operated by concessionaire for US Army Corps of Engineers),fatal,1,0,0,VERIFIED,False,True,True,38.7379866,-123.0627632,"Lake Sonoma, CA",body+state,"Lake Sonoma, Sonoma County, California, United States",False
ESD-1998-09-00-2.md,ESD-1998-09-00-2,1998-09,1998,CA,Sacramento River / Sacramento-San Joaquin River Delta,Rio Vista,Solano,,fatal,2,0,0,UNVERIFIED,False,True,True,38.1557502,-121.6913439,"Rio Vista, CA",city+state,"Rio Vista, Solano County, California, United States",False
ESD-1999-07-00-1.md,ESD-1999-07-00-1,1999-07,1999,SC,,,,,fatal,1,1,0,UNVERIFIED,False,False,True,33.856892,-80.945007,SC,state_centroid,(state centroid: SC),True
ESD-1999-07-00-2.md,ESD-1999-07-00-2,1999-07,1999,AZ,Lake Mohave,,Mohave,,fatal,1,0,0,SUSPECTED,False,False,False,35.6055696,-114.6561661,"Lake Mohave, AZ",body+state,"Lake Mohave, Bullhead City, Searchlight Township, Clark County, Nevada, United States",False
ESD-1999-07-18-1.md,ESD-1999-07-18-1,1999-07-18,1999,AZ,Lake Mohave,,Mohave,,fatal,1,0,0,UNVERIFIED,False,False,True,35.6055696,-114.6561661,"Lake Mohave, AZ",body+state,"Lake Mohave, Bullhead City, Searchlight Township, Clark County, Nevada, United States",True
ESD-1999-07-18-2.md,ESD-1999-07-18-2,1999-07-18,1999,TN,Center Hill Lake,Smithville,DeKalb,Sligo Marina (B pier),fatal,1,1,0,UNVERIFIED,False,True,True,35.9921594,-85.7164195,"Center Hill Lake, TN",body+state,"Center Hill Lake, DeKalb County, Middle Tennessee, Tennessee, United States",False
ESD-1999-08-01-1.md,ESD-1999-08-01-1,1999-08-01,1999,OR,Multnomah Channel (Willamette River),Scappoose,Columbia,,fatal,1,1,0,VERIFIED,False,False,True,45.7467075,-122.8360411,"Multnomah Channel, OR",body+state,"Multnomah Channel, Saint Helens, Columbia County, Oregon, United States",False
ESD-2000-00-00-1.md,ESD-2000-00-00-1,2000,2000,TN,Norris Lake,Lafollette,,Whitman Hollow Marina,fatal,1,1,0,UNVERIFIED,False,True,True,36.3571627,-83.6848061,"Norris Lake, TN",body+state,"Norris Lake, La Follette, Union County, East Tennessee, Tennessee, United States",False
ESD-2000-09-00-1.md,ESD-2000-09-00-1,2000-09,2000,NY,Niagara River,Grand Island,Erie,,near-miss,0,0,1,UNVERIFIED,False,False,True,43.0569709,-79.00034,"Niagara River, NY",body+state,"Niagara River, Erie County, New York, United States",False
ESD-2000-09-30-1.md,ESD-2000-09-30-1,2000-09-30,2000,TN,Tims Ford Lake,Winchester,Franklin,,fatal,2,0,1,CONFIRMED,True,False,True,35.221094,-86.2721255,"Tims Ford Lake, TN",body+state,"Tims Ford Lake, Winchester, Franklin County, Middle Tennessee, Tennessee, United States",False
ESD-2000-09-30-2.md,ESD-2000-09-30-2,2000-09-30,2000,OH,Lake Erie,Put-in-Bay,Ottawa,Possibly Crew's Nest (per local source),fatal,1,0,0,UNVERIFIED,False,False,True,42.1432251,-81.2394356,"Lake Erie, OH",body+state,"Lake Erie, Ohio, 43452, United States",False
ESD-2001-04-10-1.md,ESD-2001-04-10-1,2001-04-10,2001,LA,,New Orleans,,,fatal,1,0,0,UNVERIFIED,False,False,True,29.9561422,-90.0733934,"New Orleans, LA",city+state,"New Orleans, Orleans Parish, Louisiana, United States",False
ESD-2001-06-06-1.md,ESD-2001-06-06-1,2001-06-06,2001,AR,Lake Hamilton,Hot Springs,Garland,Farr Shores,fatal,1,1,0,UNVERIFIED,False,False,True,34.425335,-93.088864,"Lake Hamilton, AR",body+state,"Lake Hamilton, Hot Springs, Garland County, Arkansas, United States",True
ESD-2001-06-22-1.md,ESD-2001-06-22-1,2001-06-22,2001,VA,Lake Montclair,Dumfries,Prince William,"Private dock, Timber Ridge Drive, Montclair community",fatal,2,1,0,VERIFIED,True,False,True,38.6132128,-77.3510548,"Lake Montclair, VA",body+state,"Lake Montclair, Montclair, Prince William County, Virginia, United States",False
ESD-2001-09-15-1.md,ESD-2001-09-15-1,2001-09-15,2001,MS,Biloxi Bay,Biloxi,Harrison,"Bay Marine Boat Works (151 5th St, Biloxi, MS 39530)",fatal,1,0,0,UNVERIFIED,False,False,True,30.3838101,-88.8289167,"Biloxi Bay, MS",body+state,"Biloxi Bay, Harrison County, Mississippi, United States",False
ESD-2002-00-00-1.md,ESD-2002-00-00-1,2002,2002,FL,,,,Multiple Florida marinas (aggregate report),near-miss,0,0,1,UNVERIFIED,False,False,True,27.766279,-81.686783,FL,state_centroid,(state centroid: FL),True
ESD-2002-05-00-1.md,ESD-2002-05-00-1,2002-05,2002,KY,Lake Cumberland,Monticello,Wayne,Marina houseboat dock,fatal,2,0,0,CONFIRMED,False,True,True,36.9385265,-85.0196128,"Lake Cumberland, KY",body+state,"Lake Cumberland, Burnside, Russell County, Kentucky, United States",True
ESD-2002-05-00-2.md,ESD-2002-05-00-2,2002-05,2002,TX,Apartment complex swimming pool,Arlington,Tarrant,"Apartment complex pool, Arlington TX",fatal,1,1,0,CONFIRMED,False,False,False,32.7355816,-97.1071186,"Arlington, TX",city+state,"Arlington, Tarrant County, Texas, United States",False
ESD-2002-07-00-1.md,ESD-2002-07-00-1,2002-07,2002,GA,Allatoona Lake,,,,near-miss,0,1,2,UNVERIFIED,False,False,True,34.1327957,-84.6295701,"Allatoona Lake, GA",body+state,"Allatoona Lake, Acworth, Cherokee County, Georgia, United States",False
ESD-2002-10-00-1.md,ESD-2002-10-00-1,2002-10,2002,SC,Lake Murray,,,,near-miss,0,0,1,UNVERIFIED,False,False,True,34.0850435,-81.2743362,"Lake Murray, SC",body+state,"Lake Murray, Lexington County, South Carolina, United States",False
ESD-2003-05-00-1.md,ESD-2003-05-00-1,2003-05,2003,GA,Allatoona Lake,,,Private houseboat dock,non-fatal,0,0,0,UNVERIFIED,True,False,True,34.1327957,-84.6295701,"Allatoona Lake, GA",body+state,"Allatoona Lake, Acworth, Cherokee County, Georgia, United States",True
ESD-2003-05-08-1.md,ESD-2003-05-08-1,2003-05-08,2003,FL,Canal (Caloosahatchee River estuary area),North Fort Myers,Lee,Private dock with boat lift,fatal,2,0,0,VERIFIED,False,False,True,28.8849077,-81.271505,"Canal, FL",body+state,"Canal, Deltona, Volusia County, Florida, 32728, United States",False
ESD-2003-08-00-1.md,ESD-2003-08-00-1,2003-08,2003,KY,Green River Lake,Campbellsville,Taylor,,near-miss,0,0,1,UNVERIFIED,False,True,True,37.2508354,-85.3005975,"Green River Lake, KY",body+state,"Green River Lake, Taylor County, Kentucky, United States",False
ESD-2004-05-31-1.md,ESD-2004-05-31-1,2004-05-31,2004,KY,Lake Barkley,Grand Rivers,Livingston,,near-miss,0,0,3,UNVERIFIED,False,False,True,36.8006785,-87.979596,"Lake Barkley, KY",body+state,"Lake Barkley, Grand Rivers, Trigg County, Middle Tennessee, Kentucky, United States",False
ESD-2004-06-05-1.md,ESD-2004-06-05-1,2004-06-05,2004,NC,Lake Wylie,Charlotte,,Houseboat dock,fatal,1,1,0,UNVERIFIED,False,False,True,35.110422,-81.0538064,"Lake Wylie, NC",body+state,"Lake Wylie, York County, South Carolina, United States",False
ESD-2004-06-19-1.md,ESD-2004-06-19-1,2004-06-19,2004,TX,Lake Travis,Austin,Travis,Marina dock,fatal,1,0,0,UNVERIFIED,False,True,True,30.4645913,-98.0783472,"Lake Travis, TX",body+state,"Lake Travis, Briarcliff, Travis County, Texas, 78663, United States",True
ESD-2004-06-19-2.md,ESD-2004-06-19-2,2004-06-19,2004,NC,Lake Waccamaw,Lake Waccamaw,Columbus,Private dock with motorized boat lift,fatal,1,0,0,CONFIRMED,True,False,True,34.3221707,-78.5220264,"Lake Waccamaw, NC",body+state,"Lake Waccamaw, Columbus County, North Carolina, United States",False
ESD-2004-07-00-1.md,ESD-2004-07-00-1,2004-07,2004,AZ,Saguaro Lake,,Maricopa,Saguaro Lake Marina,near-miss,0,0,1,UNVERIFIED,False,True,True,33.5671984,-111.5235893,"Saguaro Lake, AZ",body+state,"Saguaro Lake, Maricopa County, Arizona, United States",False
ESD-2004-07-00-2.md,ESD-2004-07-00-2,2004-07,2004,CA,Sacramento River,,,,near-miss,0,1,2,UNVERIFIED,False,False,True,40.6214141,-122.4461499,"Sacramento River, CA",body+state,"Sacramento River, Shasta County, California, 96087, United States",False
ESD-2004-08-08-1.md,ESD-2004-08-08-1,2004-08-08,2004,TX,Lake Travis,Austin,Travis,Marina dock (between two sections),fatal,1,0,0,SUSPECTED,False,True,True,30.4645913,-98.0783472,"Lake Travis, TX",body+state,"Lake Travis, Briarcliff, Travis County, Texas, 78663, United States",True
ESD-2004-09-12-1.md,ESD-2004-09-12-1,2004-09-12,2004,MS,Ross Barnett Reservoir,Ridgeland,Madison,Main Harbor Marina,fatal,1,0,1,VERIFIED,False,True,True,31.8332161,-89.5895143,"Ross Barnett Reservoir, MS",body+state,"Lake Ross Barnett, Smith Co Rd 50-A, Smith County, Mississippi, 39116, United States",False
ESD-2004-09-13-1.md,ESD-2004-09-13-1,2004-09-13,2004,MO,Lake of the Ozarks,Lake of the Ozarks,Camden,Private dock,fatal,1,0,0,CONFIRMED,True,False,True,38.1443725,-92.6594744,"Lake of the Ozarks, MO",body+state,"Lake of the Ozarks, Osage Beach, Camden County, Missouri, United States",False
ESD-2005-06-24-1.md,ESD-2005-06-24-1,2005-06-24,2005,NY,Lake Ontario,,,,near-miss,0,1,0,UNVERIFIED,False,False,True,43.3639683,-78.2326163,"Lake Ontario, NY",body+state,"Lake Ontario State Parkway, Town of Carlton, Orleans County, New York, 14571, United States",False
ESD-2005-06-28-1.md,ESD-2005-06-28-1,2005-06-28,2005,KY,Cave Run Lake,Morehead,Rowan,Scotts Creek Marina,fatal,1,1,0,VERIFIED,False,True,True,38.0364236,-83.4742679,"Cave Run Lake, KY",body+state,"Cave Run Lake, Rowan County, Kentucky, United States",False
ESD-2005-07-00-1.md,ESD-2005-07-00-1,2005-07,2005,NY,,Brooklyn,Kings,"Private marina, Brooklyn",near-miss,0,0,1,UNVERIFIED,False,False,True,40.6526006,-73.9497211,"Brooklyn, NY",city+state,"Brooklyn, Kings County, New York, United States",False
ESD-2006-03-18-1.md,ESD-2006-03-18-1,2006-03-18,2006,MO,Spring Lake (Summerset Lake subdivision),DeSoto,Jefferson,Private dock with electric boat lift and lighting,fatal,1,2,1,VERIFIED,True,False,True,38.0970704,-90.5760172,"Spring Lake, MO",body+state,"Fishermans Lake, Summer Set, Valle Township, Jefferson County, Missouri, United States",False
ESD-2006-05-21-1.md,ESD-2006-05-21-1,2006-05-21,2006,AL,Weiss Lake,Centre,Cherokee,Private dock/pier,fatal,1,2,0,VERIFIED,True,False,True,34.2020407,-85.6620895,"Weiss Lake, AL",body+state,"Weiss Lake, Centre, Cherokee County, Alabama, United States",False
ESD-2006-05-22-1.md,ESD-2006-05-22-1,2006-05-22,2006,WI,Lake Michigan,Racine,Racine,Racine Harbor,fatal,1,0,0,UNVERIFIED,False,True,True,44.099995,-87.6334166,"Lake Michigan, WI",body+state,"Lake Michigan, Manitowoc, Manitowoc County, Wisconsin, United States",False
ESD-2006-06-25-1.md,ESD-2006-06-25-1,2006-06-25,2006,AR,Lake Ouachita,Royal,Garland,Brady Mountain Resort,fatal,1,1,1,VERIFIED,False,True,True,34.6157417,-93.412892,"Lake Ouachita, AR",body+state,"Lake Ouachita, Montgomery County, Arkansas, United States",False
ESD-2006-07-02-1.md,ESD-2006-07-02-1,2006-07-02,2006,MN,Lake L'Homme Dieu,,Douglas,,near-miss,0,1,2,UNVERIFIED,False,False,True,45.9282176,-95.3529204,"Lake L'Homme Dieu, MN",body+state,"Lake Le Homme Dieu, Alexandria, Douglas County, Minnesota, United States",False
ESD-2006-07-14-1.md,ESD-2006-07-14-1,2006-07-14,2006,MI,Black River,Port Huron,St. Clair,"River Street Marina, near 10th Street Bridge",fatal,1,2,0,VERIFIED,False,True,True,46.5119078,-90.0538641,"Black River, MI",body+state,"Black River, Gogebic County, Michigan, United States",False
ESD-2006-07-24-1.md,ESD-2006-07-24-1,2006-07-24,2006,MO,Lake of the Ozarks,Lake of the Ozarks,,"Private dock, 81 Mile Marker",fatal,1,0,0,CONFIRMED,True,False,True,38.1443725,-92.6594744,"Lake of the Ozarks, MO",body+state,"Lake of the Ozarks, Osage Beach, Camden County, Missouri, United States",True
ESD-2006-07-24-2.md,ESD-2006-07-24-2,2006-07-24,2006,GA,Lake Lanier,Cumming,Forsyth,"Family lake home, private dock",fatal,1,3,0,VERIFIED,True,False,True,34.2930593,-83.938223,"Lake Lanier, GA",body+state,"Lake Lanier, Cumming, Forsyth County, Georgia, United States",False
ESD-2006-08-00-1.md,ESD-2006-08-00-1,2006-08,2006,WI,Lake Michigan,Racine,Racine,,near-miss,0,0,1,UNVERIFIED,False,True,True,44.099995,-87.6334166,"Lake Michigan, WI",body+state,"Lake Michigan, Manitowoc, Manitowoc County, Wisconsin, United States",True
ESD-2007-07-01-1.md,ESD-2007-07-01-1,2007-07-01,2007,True,Lake Ontario,Kingston,,Collins Bay Marina,near-miss,0,0,1,UNVERIFIED,False,True,True,,,,none,(no location),False
ESD-2007-07-20-1.md,ESD-2007-07-20-1,2007-07-20,2007,OK,Lake Arcadia,Edmond,Oklahoma,,near-miss,0,1,1,UNVERIFIED,False,False,True,35.6271991,-97.3941706,"Lake Arcadia, OK",body+state,"Lake Arcadia, Edmond, Oklahoma County, Oklahoma, United States",False
ESD-2007-07-28-1.md,ESD-2007-07-28-1,2007-07-28,2007,MO,Lake of the Ozarks,Lake of the Ozarks,,Private dock,fatal,1,0,0,SUSPECTED,True,False,True,38.1443725,-92.6594744,"Lake of the Ozarks, MO",body+state,"Lake of the Ozarks, Osage Beach, Camden County, Missouri, United States",True
ESD-2007-08-28-1.md,ESD-2007-08-28-1,2007-08-28,2007,NY,Private farm pond,Eden,Erie,,near-miss,0,1,0,CONFIRMED,False,False,True,42.6523734,-78.8954064,"Eden, NY",city+state,"Town of Eden, Erie County, New York, 14057, United States",False
ESD-2007-09-00-1.md,ESD-2007-09-00-1,2007-09,2007,FL,Caloosahatchee River,,Lee,Franklin Lock Campground,near-miss,0,0,1,UNVERIFIED,False,True,True,26.7214836,-81.692193,"Caloosahatchee River, FL",body+state,"Caloosahatchee River, Lee County, Florida, United States",False
ESD-2008-06-13-1.md,ESD-2008-06-13-1,2008-06-13,2008,NC,Atlantic Ocean / Intracoastal Waterway,Ocean Isle Beach,Brunswick,"Ocean Isle Beach Marina, 2000 Sommerset Rd SW",fatal,1,0,0,CONFIRMED,False,False,False,33.8943393,-78.426672,"Ocean Isle Beach, NC",city+state,"Ocean Isle Beach, Brunswick County, North Carolina, United States",False
ESD-2008-08-23-1.md,ESD-2008-08-23-1,2008-08-23,2008,AR,Lake Hamilton,Hot Springs,Garland,Lake Hamilton Resort,fatal,1,2,0,CONFIRMED,False,True,True,34.425335,-93.088864,"Lake Hamilton, AR",body+state,"Lake Hamilton, Hot Springs, Garland County, Arkansas, United States",True
ESD-2010-05-24-1.md,ESD-2010-05-24-1,2010-05-24,2010,IA,Clear Lake,Clear Lake,Cerro Gordo,Neighbor's dock at 3830 N. Shore Drive,near-miss,0,1,0,CONFIRMED,True,False,True,43.1370751,-93.3813637,"Clear Lake, IA",body+state,"Clear Lake, Clear Lake Township, Cerro Gordo County, Iowa, 50428, United States",False
ESD-2010-05-29-1.md,ESD-2010-05-29-1,2010-05-29,2010,WV,Stonewall Jackson Lake,Weston,Lewis,Stonewall Jackson Lake Marina,fatal,1,1,0,VERIFIED,False,True,True,38.9555775,-80.4989078,"Stonewall Jackson Lake, WV",body+state,"Stonewall Jackson Lake, Lewis County, West Virginia, United States",False
ESD-2010-05-29-2.md,ESD-2010-05-29-2,2010-05-29,2010,NC,Lake Waccamaw,Lake Waccamaw,Columbus,"Private covered dock with boat lift, approximately 200 feet from shore",fatal,1,0,1,CONFIRMED,True,False,True,34.3221707,-78.5220264,"Lake Waccamaw, NC",body+state,"Lake Waccamaw, Columbus County, North Carolina, United States",True
ESD-2010-06-00-1.md,ESD-2010-06-00-1,2010-06,2010,AL,Lewis Smith Lake,,,Private dock,fatal,1,0,0,UNVERIFIED,True,False,True,34.0700321,-86.9791442,"Lewis Smith Lake, AL",body+state,"Lewis Smith Lake, Double Springs, Cullman County, Alabama, United States",False
ESD-2010-06-21-1.md,ESD-2010-06-21-1,2010-06-21,2010,SC,,York,York,Residential swimming pool,fatal,1,1,0,UNVERIFIED,False,False,True,34.9603293,-81.1655408,"York, SC",city+state,"York County, South Carolina, United States",False
ESD-2010-06-24-1.md,ESD-2010-06-24-1,2010-06-24,2010,TX,Lake Travis,,Travis,,near-miss,0,1,1,UNVERIFIED,False,False,True,30.4645913,-98.0783472,"Lake Travis, TX",body+state,"Lake Travis, Briarcliff, Travis County, Texas, 78663, United States",True
ESD-2010-07-03-1.md,ESD-2010-07-03-1,2010-07-03,2010,TN,Fort Loudoun Lake,Friendsville,Blount,International Harbor,near-miss,0,1,3,UNVERIFIED,False,True,True,35.7919204,-84.2431703,"Fort Loudoun Lake, TN",body+state,"Fort Loudoun Lake, Loudon County, East Tennessee, Tennessee, 37772, United States",False
ESD-2010-07-10-1.md,ESD-2010-07-10-1,2010-07-10,2010,KY,Green River Lake,Campbellsville,Taylor,,near-miss,0,2,1,CONFIRMED,False,False,True,37.2508354,-85.3005975,"Green River Lake, KY",body+state,"Green River Lake, Taylor County, Kentucky, United States",True
ESD-2010-07-25-1.md,ESD-2010-07-25-1,2010-07-25,2010,IN,Lake Freeman,Monticello,Carroll,Angel Shores Resort (private dock),fatal,1,0,0,VERIFIED,True,False,True,39.8491355,-86.267953,"Lake Freeman, IN",body+state,"Lake Freeman Drive, Indianapolis, Marion County, Indiana, 46254, United States",False
ESD-2010-07-31-1.md,ESD-2010-07-31-1,2010-07-31,2010,VT,Lake Champlain,,,,near-miss,0,0,3,CONFIRMED,False,False,True,44.3214254,-73.319416,"Lake Champlain, VT",body+state,"Lake Champlain, Chittenden County, Vermont, United States",False
ESD-2010-09-01-1.md,ESD-2010-09-01-1,2010-09-01,2010,FL,Small lake at Perrine Wayside Dog Park,Palmetto Bay,Miami-Dade,"Perrine Wayside Dog Park (Village Dog Park), 16425 S. Dixie Highway",near-miss,0,0,1,CONFIRMED,False,False,True,25.6217715,-80.3247748,"Palmetto Bay, FL",city+state,"Palmetto Bay, Miami-Dade County, Florida, United States",False
ESD-2010-09-05-1.md,ESD-2010-09-05-1,2010-09-05,2010,SC,Hartwell Lake,Anderson,Anderson,,near-miss,0,1,0,UNVERIFIED,False,False,True,34.5491573,-83.1134681,"Hartwell Lake, SC",body+state,"Lake Hartwell, Anderson, Stephens County, Georgia, 30643, United States",False
ESD-2011-03-18-1.md,ESD-2011-03-18-1,2011-03-18,2011,TX,Retention pond,Houston,Harris,,near-miss,0,0,1,UNVERIFIED,False,False,True,30.1068613,-95.4405823,"Retention pond, TX",body+state,"Retention Pond, Springwood, ExxonMobil Campus, Harris County, Texas, United States",False
ESD-2011-05-28-1.md,ESD-2011-05-28-1,2011-05-28,2011,MN,Lake Pepin,Lake City,Wabasha,"Family home, 1400 Central Point",fatal,1,1,0,VERIFIED,True,False,True,44.4942391,-92.2974883,"Lake Pepin, MN",body+state,"Lake Pepin, Town of Nelson, Pepin County, Wisconsin, United States",False
ESD-2011-06-21-1.md,ESD-2011-06-21-1,2011-06-21,2011,WV,Kanawha River,Charleston,Kanawha,Lou Wendell Marine,near-miss,0,1,0,UNVERIFIED,False,True,True,38.3729384,-81.7004094,"Kanawha River, WV",body+state,"Kanawha River, Kanawha County, West Virginia, United States",False
ESD-2011-07-25-1.md,ESD-2011-07-25-1,2011-07-25,2011,IL,,Tampico,Whiteside,Cornfield with center pivot irrigation system,fatal,2,8,0,VERIFIED,False,False,True,41.6324811,-89.7850393,"Tampico, IL",city+state,"Tampico, Whiteside County, Illinois, United States",False
ESD-2011-08-15-1.md,ESD-2011-08-15-1,2011-08-15,2011,GA,Lake Sinclair,,Putnam,Private dock between two houseboats,fatal,1,1,1,UNVERIFIED,True,False,True,33.2449723,-83.2556639,"Lake Sinclair, GA",body+state,"Lake Sinclair, Crooked Creek, Putnam County, Georgia, United States",False
ESD-2011-08-15-2.md,ESD-2011-08-15-2,2011-08-15,2011,MI,West Grand Traverse Bay,Traverse City,Grand Traverse,"Duncan L. Clinch Marina, F-Dock",fatal,1,1,0,VERIFIED,False,True,True,44.743288,-85.5600483,"West Grand Traverse Bay, MI",body+state,"West Branch Mitchell Creek, East Bay Township, Grand Traverse County, Michigan, 49686, United States",False
ESD-2011-08-28-1.md,ESD-2011-08-28-1,2011-08-28,2011,CT,Long Island Sound,Norwalk,Fairfield,Near Shady Beach,near-miss,0,0,2,UNVERIFIED,False,False,True,41.0508886,-72.9479898,"Long Island Sound, CT",body+state,"Long Island Sound, New York, 06390, United States",False
ESD-2012-05-28-1.md,ESD-2012-05-28-1,2012-05-28,2012,MO,Lake of the Ozarks,,Camden,,near-miss,0,1,2,UNVERIFIED,False,False,True,38.1443725,-92.6594744,"Lake of the Ozarks, MO",body+state,"Lake of the Ozarks, Osage Beach, Camden County, Missouri, United States",True
ESD-2012-06-27-1.md,ESD-2012-06-27-1,2012-06-27,2012,FL,Mini-golf pond,Kissimmee,Orange,"Orange Lake Resort, miniature golf course",fatal,1,1,0,VERIFIED,False,False,True,28.3617986,-81.6218062,"Orange Lake Resort, FL",facility+state,"Orange Lake Resort, Harp Alley, Orange County, Florida, 34747, United States",False
ESD-2012-07-04-1.md,ESD-2012-07-04-1,2012-07-04,2012,MO,Lake of the Ozarks,Lake of the Ozarks,Camden,"Private dock, Gravois Arm, 6.5 Mile Marker",fatal,2,0,0,VERIFIED,True,False,True,38.1443725,-92.6594744,"Lake of the Ozarks, MO",body+state,"Lake of the Ozarks, Osage Beach, Camden County, Missouri, United States",True
ESD-2012-07-04-2.md,ESD-2012-07-04-2,2012-07-04,2012,TN,Cherokee Lake,Bean Station,Grainger,German Creek Marina,fatal,2,1,1,VERIFIED,False,True,True,36.2655438,-83.377914,"Cherokee Lake, TN",body+state,"Cherokee Lake, Bean Station, Grainger County, East Tennessee, Tennessee, United States",False
ESD-2012-07-07-1.md,ESD-2012-07-07-1,2012-07-25,2012,MN,Pokegama Lake,Cohasset,Itasca,"Private dock, Hill Top Trail",fatal,1,2,0,VERIFIED,True,False,True,45.8438829,-93.0397912,"Pokegama Lake, MN",body+state,"Pokegama Lake, Pokegama Township, Pine County, Minnesota, United States",False
ESD-2012-07-07-2.md,ESD-2012-07-07-2,2012-07-07,2012,MO,Lake of the Ozarks,,Morgan,"Private dock, Dry Branch Cove, 5-mile marker",fatal,1,0,0,VERIFIED,True,False,True,38.1443725,-92.6594744,"Lake of the Ozarks, MO",body+state,"Lake of the Ozarks, Osage Beach, Camden County, Missouri, United States",True
ESD-2012-07-23-1.md,ESD-2012-07-23-1,2012-07-23,2012,MO,Lake of the Ozarks,,Camden,Dock under electrical repairs,near-miss,0,0,3,UNVERIFIED,False,False,True,38.1443725,-92.6594744,"Lake of the Ozarks, MO",body+state,"Lake of the Ozarks, Osage Beach, Camden County, Missouri, United States",True
ESD-2012-08-04-1.md,ESD-2012-08-04-1,2012-08-04,2012,MO,Lake of the Ozarks,,Camden,Dock at Gravois Arm,near-miss,0,0,2,UNVERIFIED,True,False,True,38.1443725,-92.6594744,"Lake of the Ozarks, MO",body+state,"Lake of the Ozarks, Osage Beach, Camden County, Missouri, United States",True
ESD-2012-08-14-1.md,ESD-2012-08-14-1,2012-08-14,2012,CA,Residential backyard swimming pool,Garden Grove,Orange,,near-miss,0,2,1,VERIFIED,False,False,True,33.7746292,-117.9463717,"Garden Grove, CA",city+state,"Garden Grove, Orange County, California, United States",False
ESD-2012-08-22-1.md,ESD-2012-08-22-1,2012-08-22,2012,CA,,Los Angeles,Los Angeles,"Magnolia Boulevard at Ben Avenue, Valley Village",fatal,2,8,0,VERIFIED,False,False,True,34.0536909,-118.242766,"Los Angeles, CA",city+state,"Los Angeles, Los Angeles County, California, United States",False
ESD-2012-08-30-1.md,ESD-2012-08-30-1,2012-08-30,2012,ID,Irrigation canal,Blackfoot,Bingham,Irrigation canal approximately 3 miles NW of Blackfoot,fatal,3,0,0,VERIFIED,False,False,True,42.9836755,-116.0947638,"Irrigation canal, ID",body+state,"Grand View Irrigation District Canal, Grand View, Owyhee County, Idaho, United States",False
ESD-2012-09-27-1.md,ESD-2012-09-27-1,2012-09-27,2012,TN,Tims Ford Lake,Winchester,Franklin,Private dock at family home,fatal,1,0,0,VERIFIED,True,False,True,35.221094,-86.2721255,"Tims Ford Lake, TN",body+state,"Tims Ford Lake, Winchester, Franklin County, Middle Tennessee, Tennessee, United States",True
ESD-2012-09-27-2.md,ESD-2012-09-27-2,2012-09-27,2012,GA,,Americus,Sumter,"South Georgia Technical College, decorative fountain",fatal,1,0,0,VERIFIED,False,False,True,31.9735437,-83.7448913,"South Georgia Technical College, GA",facility+state,"South Georgia Technical College, North Midway Road, Cordele, Crisp County, Georgia, 31010, United States",False
ESD-2013-05-20-1.md,ESD-2013-05-20-1,2013-05-20,2013,KY,Rough River Lake,Peter Cave,Grayson,Dock near Peter Cave marina,fatal,1,0,0,VERIFIED,False,True,True,37.5901776,-86.4696906,"Rough River Lake, KY",body+state,"Rough River Lake, Grayson County, Kentucky, United States",False
ESD-2013-05-27-1.md,ESD-2013-05-27-1,2013-05-27,2013,GA,Lake Lanier,Gainesville,Hall,Private dock (Evelyn Morrison residence),near-miss,0,0,2,CONFIRMED,True,False,True,34.2930593,-83.938223,"Lake Lanier, GA",body+state,"Lake Lanier, Cumming, Forsyth County, Georgia, United States",True
ESD-2013-06-18-1.md,ESD-2013-06-18-1,2013-06-18,2013,MO,,Scott City,Scott,Private residence — flooded basement,near-miss,0,0,1,UNVERIFIED,False,False,True,37.2163497,-89.5261244,"Scott City, MO",city+state,"Scott City, Scott County, Missouri, 63780, United States",False
ESD-2013-06-30-1.md,ESD-2013-06-30-1,2013-06-30,2013,KY,Lake Cumberland,Burnside,Pulaski,"Private dock, Garland Bend Road",fatal,1,0,1,VERIFIED,True,False,True,36.9385265,-85.0196128,"Lake Cumberland, KY",body+state,"Lake Cumberland, Burnside, Russell County, Kentucky, United States",True
ESD-2013-07-00-1.md,ESD-2013-07-00-1,2013-07,2013,NC,Lake Norman,Lake Norman,,Private dock,near-miss,0,0,1,UNVERIFIED,True,False,True,35.5923267,-80.932986,"Lake Norman, NC",body+state,"Lake Norman, Mooresville, Iredell County, North Carolina, United States",False
ESD-2013-07-04-1.md,ESD-2013-07-04-1,2013-07-04,2013,MN,Eagle Lake,Orrock Township,Sherburne,"Private dock, 2300 block of 188th Street",fatal,1,1,0,CONFIRMED,True,False,True,44.1649669,-93.8813419,"Eagle Lake, MN",body+state,"Eagle Lake, Blue Earth County, Minnesota, 56024, United States",False
ESD-2013-07-11-1.md,ESD-2013-07-11-1,2013-07-11,2013,MO,Lake of the Ozarks,Lake of the Ozarks,Camden,Dock near 35 Mile Marker,near-miss,0,0,8,UNVERIFIED,False,False,True,38.1443725,-92.6594744,"Lake of the Ozarks, MO",body+state,"Lake of the Ozarks, Osage Beach, Camden County, Missouri, United States",True
ESD-2013-07-16-1.md,ESD-2013-07-16-1,2013-07-16,2013,NC,Brookside Swim Club pool,Lexington,Davidson,Brookside Swim Club,fatal,1,0,2,VERIFIED,False,False,True,35.8240265,-80.2533838,"Lexington, NC",city+state,"Lexington, Davidson County, North Carolina, 27792, United States",False
ESD-2013-07-19-1.md,ESD-2013-07-19-1,2013-07-19,2013,NY,Inflatable pool (backyard),Syracuse,Onondaga,"Private residence, Second North Street",fatal,1,0,1,VERIFIED,False,False,True,41.0551391,-73.8613044,"Private residence, NY",facility+state,"Private Residence, Lyndhurst Museum Lane, Village of Tarrytown, Town of Greenburgh, Westchester County, New York, 10533, United States",False
ESD-2013-07-24-1.md,ESD-2013-07-24-1,2013-07-24,2013,GA,,Ellijay,Gilmer,Private residence (babysitting location),fatal,1,0,0,VERIFIED,False,False,True,34.6950278,-84.4827394,"Ellijay, GA",city+state,"Ellijay, Gilmer County, Georgia, 30540, United States",False
ESD-2013-08-31-1.md,ESD-2013-08-31-1,2013-08-31,2013,TX,Hotel swimming pool,Houston,Harris,"Hilton Houston Westchase, 9999 Westheimer Road",fatal,1,3,0,VERIFIED,False,False,True,29.7612326,-95.4598077,"Hotel swimming pool, Harris County, TX",body+county+state,"Hotel Omni Hotel, Riverway, Uptown, Houston, Harris County, Texas, 77056, United States",False
ESD-2014-00-00-2.md,ESD-2014-00-00-2,2014,2014,PA,Public swimming pool,Philadelphia,Philadelphia,"O'Connor Pool, 26th and South Streets",non-fatal,0,3,0,CONFIRMED,False,False,False,40.5223608,-79.9661007,"Public swimming pool, PA",body+state,"Kiwanis Park Public Swimming Pool, Meyer Road, Shaler Township, Allegheny County, Pennsylvania, 15116, United States",False
ESD-2014-04-13-1.md,ESD-2014-04-13-1,2014-04-13,2014,FL,Private swimming pool,North Miami,Miami-Dade,"Private residence, 13005 Arch Creek Terrace",fatal,1,0,0,VERIFIED,False,False,True,28.346051,-81.606418,"Private swimming pool, FL",body+state,"Private Domain, West Irlo Bronson Memorial Highway, Four Corners, Osceola County, Florida, 34747, United States",False
ESD-2014-04-27-1.md,ESD-2014-04-27-1,2014-04-27,2014,FL,,Hialeah,Miami-Dade,"Palms West Condominiums pool, 1950 W. 56th St.",near-miss,0,3,1,VERIFIED,False,False,True,25.8267775,-80.2814009,"Hialeah, FL",city+state,"Hialeah, Miami-Dade County, Florida, United States",False
ESD-2014-05-00-1.md,ESD-2014-05-00-1,2014-05,2014,FL,Apartment complex swimming pool,,,"Apartment complex pool, Florida",near-miss,0,3,2,VERIFIED,False,False,False,27.766279,-81.686783,FL,state_centroid,(state centroid: FL),True
ESD-2014-06-10-1.md,ESD-2014-06-10-1,2014-06-10,2014,UT,Lake Powell,Bullfrog,Garfield,"Bullfrog Marina, Glen Canyon National Recreation Area",fatal,1,2,0,VERIFIED,False,True,True,37.3768572,-110.726121,"Lake Powell, UT",body+state,"Lake Powell, San Juan County, Utah, United States",False
ESD-2014-07-04-1.md,ESD-2014-07-04-1,2014-07-04,2014,MO,Lake of the Ozarks,Lake of the Ozarks,Camden,Cove near 7 Mile Marker,near-miss,0,0,3,VERIFIED,False,False,True,38.1443725,-92.6594744,"Lake of the Ozarks, MO",body+state,"Lake of the Ozarks, Osage Beach, Camden County, Missouri, United States",True
ESD-2014-07-20-1.md,ESD-2014-07-20-1,2014-07-20,2014,TX,Lake Conroe,Conroe,Montgomery,Piney Shores Resort (Silverleaf Resorts),fatal,1,0,0,VERIFIED,False,True,True,30.4625423,-95.588042,"Lake Conroe, TX",body+state,"Lake Conroe, Conroe, Montgomery County, Texas, 77356, United States",False
ESD-2014-08-02-1.md,ESD-2014-08-02-1,2014-08-02,2014,WA,Puyallup River,Puyallup,Pierce,Near 96th Street Bridge,fatal,1,0,1,CONFIRMED,False,False,True,47.0616409,-122.1924502,"Puyallup River, WA",body+state,"Puyallup River, Pierce County, Washington, United States",False
ESD-2014-08-24-1.md,ESD-2014-08-24-1,2014-08-24,2014,LA,Lake Bruin,St. Joseph,Tensas,Private boathouse,fatal,1,1,0,VERIFIED,True,False,True,31.9879351,-91.256224,"Lake Bruin, LA",body+state,"Lake Bruin, Tensas Parish, Louisiana, United States",False
ESD-2015-00-00-1.md,ESD-2015-00-00-1,2015,2015,AL,Smith Lake,,Winston,,near-miss,0,1,0,PROBABLE,False,False,False,31.3144722,-87.748819,"Smith Lake, AL",body+state,"Smith Lake, Monroe County, Alabama, United States",False
ESD-2015-06-21-1.md,ESD-2015-06-21-1,2015-06-21,2015,MO,Lake of the Ozarks,Lake of the Ozarks,Camden,"Rental property dock, Woods Hollow Cove, 22.2 Mile Marker",fatal,1,1,0,VERIFIED,True,False,True,38.1443725,-92.6594744,"Lake of the Ozarks, MO",body+state,"Lake of the Ozarks, Osage Beach, Camden County, Missouri, United States",True
ESD-2015-08-08-1.md,ESD-2015-08-08-1,2015-08-08,2015,AL,Lake Tuscaloosa,Northport,Tuscaloosa,"Private dock, Laurel Drive",fatal,1,0,0,CONFIRMED,True,False,True,33.3395451,-87.5618241,"Lake Tuscaloosa, AL",body+state,"Lake Tuscaloosa, Tuscaloosa, Tuscaloosa County, Alabama, United States",False
ESD-2015-08-25-1.md,ESD-2015-08-25-1,2015-08-25,2015,ME,Piscataqua River,Kittery,York,Portsmouth Naval Shipyard marina,near-miss,0,1,0,CONFIRMED,False,False,True,43.0946426,-70.7714136,"Piscataqua River, ME",body+state,"Piscataqua River, Portsmouth, Rockingham County, New Hampshire, United States",False
ESD-2016-03-27-1.md,ESD-2016-03-27-1,2016-03-27,2016,CA,Private swimming pool,Palm Springs,Riverside,"Private residence, 2300 block of Yosemite Drive",fatal,1,6,0,VERIFIED,False,False,True,32.7820843,-117.052462,"Private swimming pool, CA",body+state,"private, Yokohama Court, Del Cerro, San Diego, San Diego County, California, 92182, United States",False
ESD-2016-04-16-1.md,ESD-2016-04-16-1,2016-04-16,2016,AL,Smith Lake,Double Springs,Winston,Johnson family lakehouse dock,fatal,1,1,2,VERIFIED,True,False,True,31.3144722,-87.748819,"Smith Lake, AL",body+state,"Smith Lake, Monroe County, Alabama, United States",True
ESD-2016-05-28-1.md,ESD-2016-05-28-1,2016-05-28,2016,NJ,Motel swimming pool,Wildwood Crest,Cape May,"Aztec Motel, 400 block of East Lavender Road",fatal,1,1,0,VERIFIED,False,False,True,39.9434289,-74.0706129,"Aztec Motel, NJ",facility+state,"Aztec Ocean Resort Motel, Seaside Heights Boardwalk, Seaside Heights, Ocean County, New Jersey, 08751, United States",False
ESD-2016-05-28-2.md,ESD-2016-05-28-2,2016-05-28,2016,AZ,Private backyard swimming pool,Phoenix,Maricopa,"Private residence, near 43rd Avenue and Thomas Road",fatal,1,4,0,CONFIRMED,False,False,False,33.4927952,-111.9162386,"Private residence, AZ",facility+state,"OLPH Private Residence, East Main Street, Scottsdale, Maricopa County, Arizona, 85251, United States",False
ESD-2016-05-29-1.md,ESD-2016-05-29-1,2016-05-29,2016,PA,Backyard pool,Silver Spring Township,Cumberland,"Private residence, Rockledge Drive",fatal,1,7,0,CONFIRMED,False,False,True,39.999907,-75.3953287,"Backyard pool, PA",body+state,"Backyard swimming pool, Earles Lane, Newtown Township, Delaware County, Pennsylvania, 19008, United States",False
ESD-2016-06-17-1.md,ESD-2016-06-17-1,2016-06-17,2016,TN,Chickamauga Lake,Sale Creek,Hamilton,Private dock,fatal,2,0,0,SUSPECTED,True,False,True,35.1115208,-85.2140152,"Chickamauga Lake, TN",body+state,"The Shoals at Chickamauga Lake, 5873, Lake Resort Terrace, Northshore Estates, Chattanooga, Hamilton County, East Tennessee, Tennessee, 37415, United States",False
ESD-2016-06-27-1.md,ESD-2016-06-27-1,2016-06-27,2016,AZ,Private swimming pool,Phoenix,Maricopa,"Private residence, near 43rd Avenue and Thomas Road",fatal,1,3,0,CONFIRMED,False,False,True,33.3482214,-111.7291148,"Private swimming pool, AZ",body+state,"Private Pool, East Sierra Madre Avenue, Morrison Ranch, Gilbert, Maricopa County, Arizona, 85234, United States",False
ESD-2016-07-21-1.md,ESD-2016-07-21-1,2016-07-21,2016,,,,,New dock construction site,fatal,1,0,0,CONFIRMED,False,False,False,,,,none,(no location),False
ESD-2016-09-03-1.md,ESD-2016-09-03-1,2016-09-03,2016,NC,Heritage Point community pool,Raleigh,Wake,"Heritage Point community pool, Valley Forge Road",fatal,1,1,0,VERIFIED,False,False,True,35.7803977,-78.6390989,"Raleigh, NC",city+state,"Raleigh, Wake County, North Carolina, United States",False
ESD-2016-09-10-1.md,ESD-2016-09-10-1,2016-09-10,2016,IN,Flooded basement,South Bend,St. Joseph,"Private residence, 17200 block of Madison Road",fatal,1,0,0,CONFIRMED,False,False,True,40.4794241,-86.5102765,"Private residence, IN",facility+state,"Private Residence, Adams Mill, Carroll County, Indiana, United States",False
ESD-2016-10-07-1.md,ESD-2016-10-07-1,2016-10-07,2016,IL,,Shiloh,St. Clair,Construction site,near-miss,0,1,1,CONFIRMED,False,False,True,41.9488844,-88.1140039,"Construction site, IL",facility+state,"Former Stratford Square Mall Site, Bloomingdale, Bloomingdale Township, DuPage County, Illinois, United States",False
ESD-2017-00-00-1.md,ESD-2017-00-00-1,2017,2017,MI,River (specific river withheld in CDC report),,,Marina on a river (name withheld by MIFACE to protect privacy),fatal,1,0,0,SUSPECTED,False,True,False,17.7402503,-64.8146967,"River, MI",body+state,"River, Saint Croix District, United States Virgin Islands, 00805, United States",False
ESD-2017-03-24-1.md,ESD-2017-03-24-1,2017-03-24,2017,NJ,Shrewsbury River,Monmouth Beach,Monmouth,Marina dock (specific marina not identified),fatal,2,0,0,SUSPECTED,False,False,False,40.3607987,-73.9770235,"Shrewsbury River, NJ",body+state,"Shrewsbury River, Sea Bright, Monmouth County, New Jersey, United States",False
ESD-2017-03-29-1.md,ESD-2017-03-29-1,2017-03-29,2017,TX,,Fort Worth,Tarrant,Oakland Lake Park,fatal,2,0,0,VERIFIED,False,False,True,32.7540678,-97.2583703,"Oakland Lake Park, TX",facility+state,"Oakland Lake Park, Fort Worth, Tarrant County, Texas, United States",False
ESD-2017-04-14-1.md,ESD-2017-04-14-1,2017-04-14,2017,AL,Lake Tuscaloosa,Tuscaloosa,Tuscaloosa,Darling family lakehouse dock,fatal,2,0,1,VERIFIED,True,False,True,33.3395451,-87.5618241,"Lake Tuscaloosa, AL",body+state,"Lake Tuscaloosa, Tuscaloosa, Tuscaloosa County, Alabama, United States",True
ESD-2017-05-01-1.md,ESD-2017-05-01-1,2017-05-01,2017,NY,,Rochester,Monroe,Private residence — basement with sump pump,near-miss,0,0,1,UNVERIFIED,False,False,True,43.157285,-77.615214,"Rochester, NY",city+state,"City of Rochester, Monroe County, New York, United States",False
ESD-2017-05-06-1.md,ESD-2017-05-06-1,2017-05-06,2017,QC,,Gatineau,,"De la Gappe Boulevard, Touraines neighbourhood — flooded street",near-miss,0,1,0,VERIFIED,False,False,True,45.482718,-75.685641,"De la Gappe Boulevard, QC",facility+state,"De La Gappe/De Rouville, Boulevard de la Gappe, Gatineau, Outaouais, Québec, J8T 7T7, Canada",False
ESD-2017-05-19-1.md,ESD-2017-05-19-1,2017-05-19,2017,AL,Private swimming pool,Florence,Lauderdale,"Private residence, Augusta Street",fatal,2,1,0,VERIFIED,False,False,True,34.7914385,-86.7759127,"Private swimming pool, AL",body+state,"Magnolia Springs Pool (Private), Bob G Hughes Boulevard, French Hill, Madison County, Alabama, 35749, United States",False
ESD-2017-05-21-1.md,ESD-2017-05-21-1,2017-05-21,2017,TX,Flooded field/puddle,Laredo,Webb,,fatal,1,0,0,CONFIRMED,False,False,True,27.5079211,-99.5069834,"Laredo, TX",city+state,"Laredo, Webb County, Texas, United States",False
ESD-2017-05-24-1.md,ESD-2017-05-24-1,2017-05,2017,LA,Lake Pontchartrain,Mandeville,St. Tammany,Private dock,fatal,1,0,0,UNVERIFIED,True,False,True,30.2050633,-90.0967594,"Lake Pontchartrain, LA",body+state,"Lake Pontchartrain, St. Tammany Parish, Louisiana, United States",False
ESD-2017-06-16-1.md,ESD-2017-06-16-1,2017-06-16,2017,OH,Lake Erie,Put-in-Bay,Ottawa,"Miller Marina, Bayview Avenue",fatal,1,1,1,VERIFIED,False,True,True,42.1432251,-81.2394356,"Lake Erie, OH",body+state,"Lake Erie, Ohio, 43452, United States",True
ESD-2017-06-17-1.md,ESD-2017-06-17-1,2017-06-17,2017,NJ,Toms River lagoon (Shelter Cove),Toms River,Ocean,"Private residence, Tobago Avenue",fatal,1,0,1,VERIFIED,True,False,True,39.9528389,-74.196741,"Toms River, NJ",city+state,"Toms River, Ocean County, New Jersey, United States",False
ESD-2017-06-21-1.md,ESD-2017-06-21-1,2017-06-21,2017,MA,Atlantic Ocean (Menemsha Harbor),Chilmark,Dukes,"Crab Corner, Menemsha Beach / transient dock",near-miss,0,0,3,CONFIRMED,False,False,True,26.074872,-97.1610327,"Atlantic Ocean, MA",body+state,"Atlantic Ocean, Cameron County, Texas, 78597, United States",False
ESD-2017-06-23-1.md,ESD-2017-06-23-1,2017-06-23,2017,,Water park pool,"Akyazi, Sakarya Province, Turkey",,"Water park, Akyazi",fatal,5,2,0,VERIFIED,False,False,True,,,,none,(no location),False
ESD-2017-07-03-1.md,ESD-2017-07-03-1,2017-07-03,2017,SC,Lake Keowee,Lake Keowee,Oconee,Private dock with boat lift,near-miss,0,0,1,UNVERIFIED,True,False,True,34.8306466,-82.9013777,"Lake Keowee, SC",body+state,"Lake Keowee, Seneca, Oconee County, South Carolina, 29672, United States",False
ESD-2017-07-07-1.md,ESD-2017-07-07-1,2017-07-07,2017,CA,Canyon Lake,Canyon Lake,Riverside,,near-miss,0,0,2,UNVERIFIED,False,False,True,33.6836539,-117.262615,"Canyon Lake, CA",body+state,"Canyon Lake, Riverside County, California, 92587, United States",False
ESD-2017-07-09-1.md,ESD-2017-07-09-1,2017-07-09,2017,NM,Bathtub,Lovington,Lea,Private residence (father's home),fatal,1,0,0,VERIFIED,False,False,True,35.8838571,-106.3018261,"Bathtub, NM",body+state,"Bathtub Row, Los Alamos, Los Alamos County, New Mexico, United States",False
ESD-2017-07-23-1.md,ESD-2017-07-23-1,2017-07-23,2017,BC,Creek on private property,Spallumcheen,,"Private property, Spallumcheen (near Vernon/Enderby)",near-miss,0,1,0,VERIFIED,False,False,True,49.2660162,-124.335801,"Private property, BC",facility+state,"Private property, 1864, Steelhead Place, Area F (Alberni Highway), Regional District of Nanaimo, British Columbia, V0R 1V0, Canada",False
ESD-2017-08-05-1.md,ESD-2017-08-05-1,2017-08-05,2017,TX,Lake O' The Pines,Avinger,Marion,Alley Creek alcove,fatal,3,0,0,VERIFIED,False,False,False,32.820786,-94.6605031,"Lake O' The Pines, TX",body+state,"Lake O' the Pines, Marion County, Texas, United States",True
ESD-2017-08-10-1.md,ESD-2017-08-10-1,2017-08-10,2017,WA,Columbia River,Pasco,Franklin,"Old pump station, irrigation facility",fatal,1,2,0,VERIFIED,False,False,True,45.5901679,-122.503438,"Columbia River, WA",body+state,"Columbia River, Vancouver, Clark County, Washington, United States",False
ESD-2017-08-28-1.md,ESD-2017-08-28-1,2017-08-28,2017,TX,Greens Bayou,Houston,Harris,"Greens Bayou near Interstate 10, east Houston",fatal,2,1,2,VERIFIED,False,False,True,29.9193075,-95.3264464,"Greens Bayou, TX",body+state,"Greens Bayou, Harris County, Texas, United States",False
ESD-2017-08-29-1.md,ESD-2017-08-29-1,2017-08-29,2017,TX,Hurricane Harvey floodwater,Houston,Harris,Bear Creek subdivision,fatal,1,0,0,VERIFIED,False,False,True,29.7589382,-95.3676974,"Houston, TX",city+state,"Houston, Harris County, Texas, United States",False
ESD-2018-05-14-1.md,ESD-2018-05-14-1,2018-05-14,2018,MO,Lake Taneycomo,Branson,Taney,Private dock,near-miss,0,0,1,UNVERIFIED,True,False,True,36.6376567,-93.2345944,"Lake Taneycomo, MO",body+state,"Lake Taneycomo, Branson, Taney County, Missouri, 65616, United States",False
ESD-2018-06-02-1.md,ESD-2018-06-02-1,2018-06-02,2018,VA,Smith Mountain Lake,Smith Mountain Lake,Franklin,"Private dock, Gills Creek area",near-miss,0,1,0,VERIFIED,True,False,True,37.1163882,-79.6508316,"Smith Mountain Lake, VA",body+state,"Smith Mountain Lake, North Shore, Franklin County, Virginia, 24101, United States",False
ESD-2018-06-11-1.md,ESD-2018-06-11-1,2018-06-11,2018,MO,Lake of the Ozarks,Camdenton,Camden,Dock at Camelot Cove,near-miss,0,0,2,CONFIRMED,True,False,True,38.1443725,-92.6594744,"Lake of the Ozarks, MO",body+state,"Lake of the Ozarks, Osage Beach, Camden County, Missouri, United States",True
ESD-2018-06-26-1.md,ESD-2018-06-26-1,2018-06-26,2018,MD,MGM National Harbor decorative fountain (Potomac Plaza),Oxon Hill,Prince George's,"MGM National Harbor casino/resort, 101 MGM National Ave",non-fatal,0,5,0,VERIFIED,False,False,False,38.803384,-76.9896507,"Oxon Hill, MD",city+state,"Oxon Hill, Prince George's County, Maryland, 20745, United States",False
ESD-2018-07-03-1.md,ESD-2018-07-03-1,2018-07-03,2018,MO,Lake of the Ozarks,Rocky Mount,Morgan,"Private dock near J Road, 5 Mile Marker",near-miss,0,0,3,CONFIRMED,True,False,True,38.1443725,-92.6594744,"Lake of the Ozarks, MO",body+state,"Lake of the Ozarks, Osage Beach, Camden County, Missouri, United States",True
ESD-2018-07-04-1.md,ESD-2018-07-04-1,2018-07-04,2018,OH,,Canfield,Mahoning,Colucci family private pool,near-miss,0,0,2,CONFIRMED,False,False,True,41.025059,-80.760912,"Canfield, OH",city+state,"Canfield, Mahoning County, Ohio, 44406, United States",False
ESD-2018-09-30-1.md,ESD-2018-09-30-1,2018-09-30,2018,OK,Bricktown Canal,Oklahoma City,Oklahoma,"Bricktown Canal, bollard light area",fatal,1,1,0,VERIFIED,False,False,True,35.4635279,-97.5080282,"Bricktown Canal, OK",body+state,"Bricktown Canal, Oklahoma City, Oklahoma County, Oklahoma, 73104, United States",False
ESD-2018-11-04-1.md,ESD-2018-11-04-1,2018-11-04,2018,NH,Lake Winnipesaukee (Paugus Bay),Laconia,Belknap,Dock area at end of Appleton Street,near-miss,0,0,1,VERIFIED,False,False,True,43.6030663,-71.3239694,"Lake Winnipesaukee, NH",body+state,"Lake Winnipesaukee, Alton, Belknap County, New Hampshire, United States",False
ESD-2019-04-01-1.md,ESD-2019-04-01-1,2019-04-01,2019,CA,Weyland Canal (Solano Irrigation District),Dixon,Solano,"Metal pedestrian bridge over Weyland Canal, Dixon Avenue West",fatal,2,1,0,VERIFIED,False,False,True,38.4454641,-121.8232958,"Dixon, CA",city+state,"Dixon, Solano County, California, 95620, United States",False
ESD-2019-06-02-1.md,ESD-2019-06-02-1,2019-06-02,2019,FL,,Orlando,Orange,Universal Studios Volcano Bay water park,near-miss,0,5,10,VERIFIED,False,False,True,28.5421218,-81.379045,"Orlando, FL",city+state,"Orlando, Orange County, Florida, United States",False
ESD-2019-06-27-1.md,ESD-2019-06-27-1,2019-06-27,2019,TX,Apartment complex swimming pool,El Paso,El Paso,"Hallmark Apartments, 1620 Mescalero Drive",fatal,1,2,0,CONFIRMED,False,False,False,31.7601001,-106.4870476,"El Paso, TX",city+state,"El Paso, El Paso County, Texas, United States",False
ESD-2019-07-14-1.md,ESD-2019-07-14-1,2019-07-14,2019,CA,Private swimming pool,Citrus Heights,Sacramento,"Private residence (father's home), late 1950s construction",fatal,1,0,4,VERIFIED,False,False,True,32.7820843,-117.052462,"Private swimming pool, CA",body+state,"private, Yokohama Court, Del Cerro, San Diego, San Diego County, California, 92182, United States",True
ESD-2019-09-19-1.md,ESD-2019-09-19-1,2019-09-19,2019,TX,Tropical Storm Imelda floodwater,Fannett,Jefferson,,fatal,1,0,0,CONFIRMED,False,False,True,29.9260395,-94.2504458,"Fannett, TX",city+state,"Fannett, Jefferson County, Texas, United States",False
ESD-2020-05-11-1.md,ESD-2020-05-11-1,2020-05-11,2020,AL,Lewis Smith Lake,Lewis Smith Lake,,Private dock (non-electrified; stray voltage from neighbor's dock),near-miss,0,0,1,CONFIRMED,True,False,True,34.0700321,-86.9791442,"Lewis Smith Lake, AL",body+state,"Lewis Smith Lake, Double Springs, Cullman County, Alabama, United States",True
ESD-2020-07-12-1.md,ESD-2020-07-12-1,2020-07-12,2020,AZ,Lake Pleasant,Peoria,Maricopa,Scorpion Bay Marina,fatal,2,1,0,VERIFIED,False,True,True,33.9041538,-112.2898708,"Lake Pleasant, AZ",body+state,"Lake Pleasant, Peoria, Yavapai County, Arizona, United States",False
ESD-2020-08-29-1.md,ESD-2020-08-29-1,2020-08-29,2020,TX,Hotel swimming pool,Houston,Harris,"North Villa Inn, 16510 North Freeway",fatal,1,0,0,VERIFIED,False,False,True,29.7612326,-95.4598077,"Hotel swimming pool, Harris County, TX",body+county+state,"Hotel Omni Hotel, Riverway, Uptown, Houston, Harris County, Texas, 77056, United States",True
ESD-2020-11-11-1.md,ESD-2020-11-11-1,2020-11-11,2020,FL,Flooded laundry room,Bradenton Beach,Manatee,"211 Bay Drive N., Bradenton Beach",fatal,1,1,0,VERIFIED,False,False,True,27.466762,-82.6966072,"211 Bay Drive N., FL",facility+state,"211, Bay Drive North, Pines Trailer Park, Bradenton Beach, Manatee County, Florida, 34217, United States",False
ESD-2021-06-02-1.md,ESD-2021-06-02-1,2021-06-02,2021,TX,Clyde Lake (Lake Clyde),Clyde,Callahan,Clyde Lake,fatal,1,0,0,VERIFIED,False,False,True,32.3173623,-99.4760329,"Clyde Lake, TX",body+state,"Clyde Lake Park, Callahan County, Texas, United States",False
ESD-2021-06-04-1.md,ESD-2021-06-04-1,2021-06-04,2021,TX,Flooded street/puddle,Mission,Hidalgo,"3700 block of North Palm Leaf Circle, La Homa",fatal,1,0,0,CONFIRMED,False,False,True,26.2159066,-98.3252932,"Mission, TX",city+state,"Mission, Hidalgo County, Texas, United States",False
ESD-2021-07-04-1.md,ESD-2021-07-04-1,2021-07-04,2021,PA,Monongahela River,New Eagle,Washington,Beach Club Marina,fatal,1,1,2,VERIFIED,False,True,True,39.952475,-79.9556098,"Monongahela River, PA",body+state,"Monongahela River, Pennsylvania, United States",False
ESD-2022-00-00-1.md,ESD-2022-00-00-1,2022,2022,FL,Downtown Palm Beach Gardens splash pad,Palm Beach Gardens,Palm Beach,Downtown Palm Beach Gardens splash pad,non-fatal,0,1,0,CONFIRMED,False,False,False,26.8233946,-80.1386547,"Palm Beach Gardens, FL",city+state,"Palm Beach Gardens, Palm Beach County, Florida, United States",False
ESD-2022-04-22-1.md,ESD-2022-04-22-1,2022-04-22,2022,KY,Ohio River,Prospect,Oldham,"Prospect Yacht Club / Drift Bar, 1900 Victory Lane",fatal,1,0,0,VERIFIED,False,True,True,38.6877861,-83.5852708,"Ohio River, KY",body+state,"Ohio River Islands National Wildlife Refuge, Shippingport, Wellsburg District, Lewis County, Kentucky, United States",False
ESD-2022-08-03-1.md,ESD-2022-08-03-1,2022-08-03,2022,,,,,Marina (location not published in OSHA summary),fatal,1,0,0,CONFIRMED,False,False,False,,,,none,(no location),False
ESD-2022-08-16-1.md,ESD-2022-08-16-1,2023-02-07,2023,MI,Flooded apartment basement,Detroit,Wayne,"Russell Woods Apartments, 11500 block of LaSalle Street",fatal,1,0,0,VERIFIED,False,False,True,42.3843112,-83.1090359,"Russell Woods Apartments, MI",facility+state,"Russell Woods Apartments, 2255, Detroit, Wayne County, Michigan, 48206, United States",False
ESD-2023-02-07-1.md,ESD-2023-02-07-1,2023-02-07,2023,MI,Flooded apartment basement,Detroit,Wayne,"Russell Woods Apartments, 11500 block of LaSalle Street at Webb",fatal,1,0,0,VERIFIED,False,False,True,42.3843112,-83.1090359,"Russell Woods Apartments, MI",facility+state,"Russell Woods Apartments, 2255, Detroit, Wayne County, Michigan, 48206, United States",True
ESD-2023-07-09-1.md,ESD-2023-07-09-1,2023-07-09,2023,NY,Long Island Sound,New Rochelle,Westchester,"Wright Island Marina (Drake Ave. Marina, Inc.)",fatal,1,1,0,VERIFIED,False,False,False,41.0508886,-72.9479898,"Long Island Sound, NY",body+state,"Long Island Sound, New York, 06390, United States",False
ESD-2023-07-17-1.md,ESD-2023-07-17-1,2023-07-17,2023,SC,Lake Hartwell,Anderson,Anderson,"Private dock, Mid Lake Heights Drive",fatal,1,0,0,PROBABLE,True,False,False,34.5491573,-83.1134681,"Lake Hartwell, SC",body+state,"Lake Hartwell, Anderson, Stephens County, Georgia, 30643, United States",False
ESD-2023-07-27-1.md,ESD-2023-07-27-1,2023-07-27,2023,GA,Lake Lanier,Lake Lanier,Forsyth,"Private dock near Dove Trail, Lanier Beach South Road area",fatal,1,1,0,VERIFIED,True,False,False,34.2930593,-83.938223,"Lake Lanier, GA",body+state,"Lake Lanier, Cumming, Forsyth County, Georgia, United States",True
ESD-2023-10-22-1.md,ESD-2023-10-22-1,2023-10-22,2023,FL,Harbourside Place fountain,Jupiter,Palm Beach,"Harbourside Place outdoor shopping center fountain, 149 Soundings Ave",fatal,1,7,0,VERIFIED,False,False,True,26.9342246,-80.0942087,"Jupiter, FL",city+state,"Jupiter, Palm Beach County, Florida, 33458, United States",False
ESD-2024-05-00-1.md,ESD-2024-05-00-1,2024-05,2024,MN,Outside whirlpool/spa area,Duluth,St. Louis,Edgewater Resort & Waterpark,non-fatal,0,2,0,CONFIRMED,False,False,False,46.8064825,-92.0636877,"Edgewater Resort & Waterpark, MN",facility+state,"Edgewater Resort & Waterpark, I 35, Endion, East Duluth, Duluth, Saint Louis County, Minnesota, 55812, United States",False
ESD-2024-07-04-1.md,ESD-2024-07-04-1,2024-07-04,2024,VA,Smith Mountain Lake,Huddleston,Bedford,"Private dock, Lee Drive, Craddock Creek area",fatal,1,2,0,VERIFIED,True,False,True,37.1163882,-79.6508316,"Smith Mountain Lake, VA",body+state,"Smith Mountain Lake, North Shore, Franklin County, Virginia, 24101, United States",True
ESD-2024-08-25-1.md,ESD-2024-08-25-1,2024-08-25,2024,IN,Backyard swimming pool,Logansport,Cass,"Private residence, 2600 block of High Street",non-fatal,0,5,0,VERIFIED,False,False,True,40.4794241,-86.5102765,"Private residence, IN",facility+state,"Private Residence, Adams Mill, Carroll County, Indiana, United States",True
ESD-2025-05-26-1.md,ESD-2025-05-26-1,2025-05-26,2025,GA,"Wave pool (19,500 sq ft, opened 2017)",Statesboro,Bulloch,"Splash in the Boro Waterpark, Mill Creek Regional Park",near-miss,0,0,5,CONFIRMED,False,False,False,33.9583989,-84.5197364,"Wave pool, GA",body+state,"Atlanta Ocean Wave Pool, Northwest Corridor Express Lanes, Marietta, Cobb County, Georgia, 30061, United States",False
ESD-2025-06-21-1.md,ESD-2025-06-21-1,2025-06-21,2025,GA,Blue Ridge Lake,Blue Ridge,Fannin,Private dock,fatal,1,3,0,CONFIRMED,True,False,True,34.8413609,-84.2681038,"Blue Ridge Lake, GA",body+state,"Lake Blue Ridge, Morganton, Fannin County, Georgia, United States",False
ESD-2025-07-10-1.md,ESD-2025-07-10-1,2025-07-10,2025,IN,Burns Waterway,Portage,Porter,"Marina Shores at Dune Harbor, D dock",fatal,1,1,0,VERIFIED,False,True,True,41.6194572,-87.1762804,"Burns Waterway, IN",body+state,"Burns Waterway, Portage, Porter County, Indiana, United States",False
